상품코드,자체 상품코드,진열상태,판매상태,상품분류 번호,상품분류 신상품영역,상품분류 추천상품영역,상품명,영문 상품명,상품명(관리용),공급사 상품명,모델명,상품 요약설명,상품 간략설명,상품 상세설명,모바일 상품 상세설명 설정,모바일 상품 상세설명,검색어설정,과세구분,소비자가,공급가,상품가,판매가,판매가 대체문구 사용,판매가 대체문구,주문수량 제한 기준,최소 주문수량(이상),최대 주문수량(이하),적립금,적립금 구분,공통이벤트 정보,성인인증,옵션사용,품목 구성방식,옵션 표시방식,옵션세트명,옵션입력,옵션 스타일,버튼이미지 설정,색상 설정,필수여부,품절표시 문구,추가입력옵션,추가입력옵션 명칭,추가입력옵션 선택/필수여부,입력글자수(자),이미지등록(상세),이미지등록(목록),이미지등록(작은목록),이미지등록(축소),이미지등록(추가),제조사,공급사,브랜드,트렌드,자체분류 코드,제조일자,출시일자,유효기간 사용여부,유효기간,원산지,상품부피(cm),상품결제안내,상품배송안내,교환/반품안내,서비스문의/안내,배송정보,배송방법,국내/해외배송,배송지역,배송비 선결제 설정,배송기간,배송비 구분,배송비입력,스토어픽업 설정,상품 전체중량(kg),HS코드,상품 구분(해외통관),상품소재,영문 상품소재(해외통관),옷감(해외통관),검색엔진최적화(SEO) 검색엔진 노출 설정,검색엔진최적화(SEO) Title,검색엔진최적화(SEO) Author,검색엔진최적화(SEO) Description,검색엔진최적화(SEO) Keywords,검색엔진최적화(SEO) 상품 이미지 Alt 텍스트,개별결제수단설정,상품배송유형 코드,메모
"","SAF2026-02","Y","Y","43","Y","Y","face #02-홍범도 - 최윤정","","[2] 최윤정","","","회화 | oil on canvas | 53×53cm","최윤정 작가는 자신이 살아가고 있는 시대를 섬세하게 들여다보고자 한다. pop kids는 현재를 표현하고자 기획된 시리즈이다. 현대사회는 과거 어느 때보다 미디어가 큰 영향력을 발휘하는 사회이다. 현대사회를 사는 우리는 스스로 욕망하기 전에 미디어로부터 행동을 권유받고 그것에 끌린다. pop kids에서 안경은 미디어의 영향을 받은 우리 사고의 프레임을 상...","<div style=""font-family: 'Noto Sans KR', sans-serif; line-height: 1.8; color: #333;""><div style=""margin-bottom: 30px;""><h2 style=""font-size: 24px; margin-bottom: 10px;"">face #02-홍범도</h2><p style=""font-size: 18px; color: #666; margin-bottom: 5px;"">최윤정</p><p style=""color: #888;"">oil on canvas | 53×53cm | 2023</p></div><div style=""margin-bottom: 30px;""><h3 style=""font-size: 18px; border-bottom: 1px solid #ddd; padding-bottom: 10px; margin-bottom: 15px;"">작가 소개</h3><p style=""white-space: pre-line;"">최윤정 작가는 자신이 살아가고 있는 시대를 섬세하게 들여다보고자 한다. pop kids는 현재를 표현하고자 기획된 시리즈이다. 현대사회는 과거 어느 때보다 미디어가 큰 영향력을 발휘하는 사회이다. 현대사회를 사는 우리는 스스로 욕망하기 전에 미디어로부터 행동을 권유받고 그것에 끌린다. pop kids에서 안경은 미디어의 영향을 받은 우리 사고의 프레임을 상징하는 장치로 사용되었다. 현대인의 사고의 프레임에 막대한 영향을 미치는 미디어와 인간의 욕망과 존재방식은 무엇일까?</p></div><div style=""margin-bottom: 30px;""><h3 style=""font-size: 18px; border-bottom: 1px solid #ddd; padding-bottom: 10px; margin-bottom: 15px;"">작가 이력</h3><p style=""white-space: pre-line; font-size: 14px;"">개인전
2023 POP KIDS (갤러리H, 서울)
Believing Is Seeing (아터테인 갤러리, 서울)
Face (호서대학교 중앙도서관 전시관, 천안)
2019 최윤정 초대전 (갤러리H, 청주)
2018 There Being (갤러리 반디트라소, 서울)
2016 Follow ME (반디트라소 갤러리, 서울)
Pop Kids (YTN Art Square, 서울)
2014 Into The Pinhole (A.Style, 홍콩)
Show Me the Money (갤러리 그리다, 서울)
2013 Desire (가일미술관, 가평)
Into The Pinhole (갤러리 192, 서울)
2010 Fantasyland (사이아트 갤러리, 서울)
최윤정 개인전 (위드스페이스 갤러리, 베이징)
2009 Moderno (부산아트센터, 부산)
2008 Nostalgia (한전프라자 갤러리, 서울)

단체전
2023 키아프 (코엑스, 서울)
화랑미술제 (코엑스, 서울)
홍범도-장군의 초상 (나무아트, 서울)
우리 안부 실태 조사 (조선대학교 미술관, 광주)
드로잉박스 (아트레온 갤러리, 서울)
연희아트페어 (아터테인 갤러리, 서울)
세상의 모든 드로잉 (아터테인 갤러리, 서울)
소공의 겨울 (소공 스페이스, 서울)
공감23 (아트레온 갤러리, 서울)
2023 광주 에이블아트페어(김대중컨벤션센터, 광주)
2022 19th Asian Art Biennale Bangladesh 2022 (National Art Gallery, Dhaka)
I Am What I Paint (칼리파 갤러리, 서울)
욕망 (아트레온 갤러리, 서울)
토탈 서포트 (토탈미술관, 서울)
Art Project,22 (아트스페이스 케이씨, 판교)
천년길 위에 새겨진, 너와 나의 시선 (경기새천년길갤러리, 수원)
2021 거대한 뿌리 (인사아트센터, 서울)
세상의 모든 드로잉 (아터테인, 서울)
연희아트페어 (아터테인, 서울)
현대미술로 바라본 여성 인권 이야기_행진 (아트노이드178, 서울)
현대미술로 바라본 여성 인권 이야기_행진 (금정예술공연지원센터갤러리, 부산)
현대미술로 바라본 여성 인권 이야기_행진 (서구문화회관, 인천)
공감 2021 (아트레온 갤러리, 서울)
조형아트페어 (코엑스, 서울)
어반 브레이크 (코엑스, 서울)
2020 시각적 상상력 (서해미술관, 서산)
자화만사성 (아트 터미널-작은미술관, 정선)
카트 뮤지엄 (아트 터미널-작은미술관, 정선)
슈퍼 콜렉션 (슈페리어 갤러리, 서울)
일상으로부터 (갤러리 더플로우, 서울)
모두의 드로잉 (아터테인, 서울)
2019 WIT : What's the Issue These days? (조선대학교미술관, 광주)
이웃작가들 (나무아트, 서울)
Art Busaan (Bexco, 부산)
가족의 정원 (양평군립미술관, 양평)
Do The Right Thing (제주조각공원 전시관, 제주/국회의원회관, 서울)
2018 SCOPE MIAMI (마이애미비치, 마이애미)
대구아트페어 (대구컨벤션센터, 대구)
상하이 아트 페어 (상하이 월드 엑스포 엑스비션&컨벤션 센터, 상하이)
아트 마이닝 (DDP, 서울)
코리안 팝아트 (하남문화재단, 하남)
Do The Right Thing (성북구청갤러리, 서울)
오산시립미술관 신소장품전 (오산시립미술관, 오산)
2017 미디어 엑스터시 (경북대학교미술관, 대구)
Fantastic Show Show Show (갤러리 자인제노, 서울)
Do The Right Thing (글렌데일도서관, LA)
아라리 플랫폼‐POP (아트 터미널_작은 미술관, 정선)
이미지와 타자의 눈 (서산문화센터, 서산)
2016 우리시대의 유산 (양평군립미술관, 양평)
오, 독불장군 (우종미술관, 보성)
2015 서울 어포더블 아트페어 (DDP, 서울)
아트차이나 (national Agricultural Exhibition Center, 베이징)
Run to Fancyland (The Popsy Room, 홍콩)
헬로우! 팝 (제주도립미술관, 제주)
Inter‐Reflection (서산시문화회관, 서산)
Uncertain Paradise (갤러리 이마주, 서울)
아트 부산 (벡스코, 부산)
홍콩 어포더블 아트페어 (HKCEC, 홍콩)
비욘드 팝 (롯데호텔 갤러리, 서울)
컨버전스의 담론전 (사이아트 스페이스, 서울)
2014 Live and Let Live (갤러리 클레이, 시드니)
싱가폴 어포더블 아트 페어 (F1 Pit Building, 싱가폴)
키아프 2014 (코엑스, 서울)
아트광주 14 (김대중컨벤션센터, 광주)
부산아트쇼 2014 (벡스코, 서울)
Asia Contemporary Art Show (콘라드호텔, 홍콩)
화랑미술제 (코엑스, 서울)
2013 소녀의 꿈 (롯데갤러리, 서울)
테헤란로에서 좀비를 만나다 (갤러리 이마주, 서울)
Asia Contemporary Art Show (JW Marriott, 홍콩)
만화에 빠지다 (롯데갤러리, 대전)
보이는대로 (갤러리 그리다, 서울)
흑교전 (TV12 갤러리, 서울)
2012 Asia Contemporary Art Show (Grand Hyatt Hotel, 홍콩)
Real/Unreal (위드스페이스 갤러리, 베이징)
ART Plage (롯데갤러리, 부산/서울)
이것이 대중미술이다 (세종문화회관 미술관, 서울)
Real/Unreal ‐ two realities and an interpretation in between (사이아트 갤러리, 서울)
Can you find me? (일현미술관, 양양)
2011 양평군립미술관 개관기획전 <마법의 나라, 양평> (양평군립미술관, 양평)
Fun + Pop 유쾌한 현대미술 (과천시민회관, 과천)
이머징 아티스트 파트3 (MK2 아트 스페이스, 베이징)
욕망의 심리학‐우리를 말한다 (가일 미술관, 가평)
2010 Art Share (동덕아트갤러리, 서울)
한국 현대미술의 흐름Ⅲ‐Pop Art (김해 문화의 전당, 김해)
Departopia (롯데 갤러리, 안양)
9th Funny Painting Funny Sculpture (세줄 갤러리, 서울)
하하하호호호 (신세계 갤러리, 광주/부산)
Work Collection
국립현대미술관 미술은행(과천), 양평군립미술관(양평), 오산미술관(오산), 하이트진로(서울),
META Korea(서울), 호서대학교(아산), AnaPass(서울), YK BNC(서울) 외 다수 개인소장
Residence Program & Other Project
2013 콜라보레이션 with LOTTE (서울)
2011 콜라보레이션 with HITE (서울)
2011 리인위미 창작스튜디오 (C.O.L. Art Management, 베이징)</p></div></div>","A","","최윤정,회화,씨앗페,SAF2026,미술,예술,작품","B","4500000","4500000","4500000","4500000","N","","","1","1","","","","N","N","","","","","","","","","품절","","","","","//ecimg.cafe24img.com/pg1248b38284644098/koreasmartcoop/saf2026/2.jpg","//ecimg.cafe24img.com/pg1248b38284644098/koreasmartcoop/saf2026/2.jpg","//ecimg.cafe24img.com/pg1248b38284644098/koreasmartcoop/saf2026/2.jpg","//ecimg.cafe24img.com/pg1248b38284644098/koreasmartcoop/saf2026/2.jpg","","","","","","","","","","","","","","","","","","","","","","","","","","","","","","","","","","","","","","","",""
"","SAF2026-03","Y","Y","43","Y","Y","pop kids #96 - 최윤정","","[3] 최윤정","","","회화 | oil on canvas | 53×53cm","최윤정 작가는 자신이 살아가고 있는 시대를 섬세하게 들여다보고자 한다. pop kids는 현재를 표현하고자 기획된 시리즈이다. 현대사회는 과거 어느 때보다 미디어가 큰 영향력을 발휘하는 사회이다. 현대사회를 사는 우리는 스스로 욕망하기 전에 미디어로부터 행동을 권유받고 그것에 끌린다. pop kids에서 안경은 미디어의 영향을 받은 우리 사고의 프레임을 상...","<div style=""font-family: 'Noto Sans KR', sans-serif; line-height: 1.8; color: #333;""><div style=""margin-bottom: 30px;""><h2 style=""font-size: 24px; margin-bottom: 10px;"">pop kids #96</h2><p style=""font-size: 18px; color: #666; margin-bottom: 5px;"">최윤정</p><p style=""color: #888;"">oil on canvas | 53×53cm | 2016</p></div><div style=""margin-bottom: 30px;""><h3 style=""font-size: 18px; border-bottom: 1px solid #ddd; padding-bottom: 10px; margin-bottom: 15px;"">작가 소개</h3><p style=""white-space: pre-line;"">최윤정 작가는 자신이 살아가고 있는 시대를 섬세하게 들여다보고자 한다. pop kids는 현재를 표현하고자 기획된 시리즈이다. 현대사회는 과거 어느 때보다 미디어가 큰 영향력을 발휘하는 사회이다. 현대사회를 사는 우리는 스스로 욕망하기 전에 미디어로부터 행동을 권유받고 그것에 끌린다. pop kids에서 안경은 미디어의 영향을 받은 우리 사고의 프레임을 상징하는 장치로 사용되었다. 현대인의 사고의 프레임에 막대한 영향을 미치는 미디어와 인간의 욕망과 존재방식은 무엇일까?</p></div><div style=""margin-bottom: 30px;""><h3 style=""font-size: 18px; border-bottom: 1px solid #ddd; padding-bottom: 10px; margin-bottom: 15px;"">작가 이력</h3><p style=""white-space: pre-line; font-size: 14px;"">개인전
2023 POP KIDS (갤러리H, 서울)
Believing Is Seeing (아터테인 갤러리, 서울)
Face (호서대학교 중앙도서관 전시관, 천안)
2019 최윤정 초대전 (갤러리H, 청주)
2018 There Being (갤러리 반디트라소, 서울)
2016 Follow ME (반디트라소 갤러리, 서울)
Pop Kids (YTN Art Square, 서울)
2014 Into The Pinhole (A.Style, 홍콩)
Show Me the Money (갤러리 그리다, 서울)
2013 Desire (가일미술관, 가평)
Into The Pinhole (갤러리 192, 서울)
2010 Fantasyland (사이아트 갤러리, 서울)
최윤정 개인전 (위드스페이스 갤러리, 베이징)
2009 Moderno (부산아트센터, 부산)
2008 Nostalgia (한전프라자 갤러리, 서울)

단체전
2023 키아프 (코엑스, 서울)
화랑미술제 (코엑스, 서울)
홍범도-장군의 초상 (나무아트, 서울)
우리 안부 실태 조사 (조선대학교 미술관, 광주)
드로잉박스 (아트레온 갤러리, 서울)
연희아트페어 (아터테인 갤러리, 서울)
세상의 모든 드로잉 (아터테인 갤러리, 서울)
소공의 겨울 (소공 스페이스, 서울)
공감23 (아트레온 갤러리, 서울)
2023 광주 에이블아트페어(김대중컨벤션센터, 광주)
2022 19th Asian Art Biennale Bangladesh 2022 (National Art Gallery, Dhaka)
I Am What I Paint (칼리파 갤러리, 서울)
욕망 (아트레온 갤러리, 서울)
토탈 서포트 (토탈미술관, 서울)
Art Project,22 (아트스페이스 케이씨, 판교)
천년길 위에 새겨진, 너와 나의 시선 (경기새천년길갤러리, 수원)
2021 거대한 뿌리 (인사아트센터, 서울)
세상의 모든 드로잉 (아터테인, 서울)
연희아트페어 (아터테인, 서울)
현대미술로 바라본 여성 인권 이야기_행진 (아트노이드178, 서울)
현대미술로 바라본 여성 인권 이야기_행진 (금정예술공연지원센터갤러리, 부산)
현대미술로 바라본 여성 인권 이야기_행진 (서구문화회관, 인천)
공감 2021 (아트레온 갤러리, 서울)
조형아트페어 (코엑스, 서울)
어반 브레이크 (코엑스, 서울)
2020 시각적 상상력 (서해미술관, 서산)
자화만사성 (아트 터미널-작은미술관, 정선)
카트 뮤지엄 (아트 터미널-작은미술관, 정선)
슈퍼 콜렉션 (슈페리어 갤러리, 서울)
일상으로부터 (갤러리 더플로우, 서울)
모두의 드로잉 (아터테인, 서울)
2019 WIT : What's the Issue These days? (조선대학교미술관, 광주)
이웃작가들 (나무아트, 서울)
Art Busaan (Bexco, 부산)
가족의 정원 (양평군립미술관, 양평)
Do The Right Thing (제주조각공원 전시관, 제주/국회의원회관, 서울)
2018 SCOPE MIAMI (마이애미비치, 마이애미)
대구아트페어 (대구컨벤션센터, 대구)
상하이 아트 페어 (상하이 월드 엑스포 엑스비션&컨벤션 센터, 상하이)
아트 마이닝 (DDP, 서울)
코리안 팝아트 (하남문화재단, 하남)
Do The Right Thing (성북구청갤러리, 서울)
오산시립미술관 신소장품전 (오산시립미술관, 오산)
2017 미디어 엑스터시 (경북대학교미술관, 대구)
Fantastic Show Show Show (갤러리 자인제노, 서울)
Do The Right Thing (글렌데일도서관, LA)
아라리 플랫폼‐POP (아트 터미널_작은 미술관, 정선)
이미지와 타자의 눈 (서산문화센터, 서산)
2016 우리시대의 유산 (양평군립미술관, 양평)
오, 독불장군 (우종미술관, 보성)
2015 서울 어포더블 아트페어 (DDP, 서울)
아트차이나 (national Agricultural Exhibition Center, 베이징)
Run to Fancyland (The Popsy Room, 홍콩)
헬로우! 팝 (제주도립미술관, 제주)
Inter‐Reflection (서산시문화회관, 서산)
Uncertain Paradise (갤러리 이마주, 서울)
아트 부산 (벡스코, 부산)
홍콩 어포더블 아트페어 (HKCEC, 홍콩)
비욘드 팝 (롯데호텔 갤러리, 서울)
컨버전스의 담론전 (사이아트 스페이스, 서울)
2014 Live and Let Live (갤러리 클레이, 시드니)
싱가폴 어포더블 아트 페어 (F1 Pit Building, 싱가폴)
키아프 2014 (코엑스, 서울)
아트광주 14 (김대중컨벤션센터, 광주)
부산아트쇼 2014 (벡스코, 서울)
Asia Contemporary Art Show (콘라드호텔, 홍콩)
화랑미술제 (코엑스, 서울)
2013 소녀의 꿈 (롯데갤러리, 서울)
테헤란로에서 좀비를 만나다 (갤러리 이마주, 서울)
Asia Contemporary Art Show (JW Marriott, 홍콩)
만화에 빠지다 (롯데갤러리, 대전)
보이는대로 (갤러리 그리다, 서울)
흑교전 (TV12 갤러리, 서울)
2012 Asia Contemporary Art Show (Grand Hyatt Hotel, 홍콩)
Real/Unreal (위드스페이스 갤러리, 베이징)
ART Plage (롯데갤러리, 부산/서울)
이것이 대중미술이다 (세종문화회관 미술관, 서울)
Real/Unreal ‐ two realities and an interpretation in between (사이아트 갤러리, 서울)
Can you find me? (일현미술관, 양양)
2011 양평군립미술관 개관기획전 <마법의 나라, 양평> (양평군립미술관, 양평)
Fun + Pop 유쾌한 현대미술 (과천시민회관, 과천)
이머징 아티스트 파트3 (MK2 아트 스페이스, 베이징)
욕망의 심리학‐우리를 말한다 (가일 미술관, 가평)
2010 Art Share (동덕아트갤러리, 서울)
한국 현대미술의 흐름Ⅲ‐Pop Art (김해 문화의 전당, 김해)
Departopia (롯데 갤러리, 안양)
9th Funny Painting Funny Sculpture (세줄 갤러리, 서울)
하하하호호호 (신세계 갤러리, 광주/부산)
Work Collection
국립현대미술관 미술은행(과천), 양평군립미술관(양평), 오산미술관(오산), 하이트진로(서울),
META Korea(서울), 호서대학교(아산), AnaPass(서울), YK BNC(서울) 외 다수 개인소장
Residence Program & Other Project
2013 콜라보레이션 with LOTTE (서울)
2011 콜라보레이션 with HITE (서울)
2011 리인위미 창작스튜디오 (C.O.L. Art Management, 베이징)</p></div></div>","A","","최윤정,회화,씨앗페,SAF2026,미술,예술,작품","B","4500000","4500000","4500000","4500000","N","","","1","1","","","","N","N","","","","","","","","","품절","","","","","//ecimg.cafe24img.com/pg1248b38284644098/koreasmartcoop/saf2026/3.jpg","//ecimg.cafe24img.com/pg1248b38284644098/koreasmartcoop/saf2026/3.jpg","//ecimg.cafe24img.com/pg1248b38284644098/koreasmartcoop/saf2026/3.jpg","//ecimg.cafe24img.com/pg1248b38284644098/koreasmartcoop/saf2026/3.jpg","","","","","","","","","","","","","","","","","","","","","","","","","","","","","","","","","","","","","","","",""
"","SAF2026-04","Y","Y","43","Y","Y","포르코 당신은 어디있나요?-1 - 이수철","","[4] 이수철","","","순수미술 | 확인 중 | 70x46.6cm","사진가 이수철은 일본 오사카예술대학교에서 사진을 전공하며 '순수' 사진이라는 범주 안에서 자신의 예술적 기반을 닦았습니다. 그가 수학한 '순수' 사진이란 사회적 메시지나 시대 정신을 직접적으로 담아내는 지사적인 행위보다는, 예술 그 자체의 내면적 가치에 집중하는 태도를 내포하고 있습니다. 이수철의 작업은 사진의 존재론적 경계를 확장하는 데 그 특징이 있습니...","<div style=""font-family: 'Noto Sans KR', sans-serif; line-height: 1.8; color: #333;""><div style=""margin-bottom: 30px;""><h2 style=""font-size: 24px; margin-bottom: 10px;"">포르코 당신은 어디있나요?-1</h2><p style=""font-size: 18px; color: #666; margin-bottom: 5px;"">이수철</p><p style=""color: #888;"">확인 중 | 70x46.6cm | 2011</p><p style=""color: #888;"">에디션: 에디션 5/5</p></div><div style=""margin-bottom: 30px;""><h3 style=""font-size: 18px; border-bottom: 1px solid #ddd; padding-bottom: 10px; margin-bottom: 15px;"">작가 소개</h3><p style=""white-space: pre-line;"">사진가 이수철은 일본 오사카예술대학교에서 사진을 전공하며 '순수' 사진이라는 범주 안에서 자신의 예술적 기반을 닦았습니다. 그가 수학한 '순수' 사진이란 사회적 메시지나 시대 정신을 직접적으로 담아내는 지사적인 행위보다는, 예술 그 자체의 내면적 가치에 집중하는 태도를 내포하고 있습니다. 이수철의 작업은 사진의 존재론적 경계를 확장하는 데 그 특징이 있습니다. 그는 사진을 단순히 대상을 포착하는 도구로만 보지 않습니다. 만약 사진이 단순히 이미지를 만들어내는 과정이라면, 반드시 카메라로 무언가를 찍어야 한다는 전통적인 전제는 허물어질 수 있다고 봅니다. 실제로 그는 카메라와 필름 없이 인화 과정만으로 결과물을 만들어내는 방식 등 사진의 다양한 프로세스를 수용합니다. 결과적으로 그에게 중요한 것은 최종적인 결과물이 '포토그래피'인지, 혹은 '이미지그래프'나 '디지그래프'인지와 같은 장르적 명칭이 아닙니다. 그에게 카메라란 단지 현상을 포착하기 위한 하나의 메커니즘일 뿐이며, 작가만의 방식으로 이미지를 창조하고 이를 통해 메시지를 전달할 수 있다면 그것으로 충분한 예술적 가치를 지닌다고 믿습니다.</p></div><div style=""margin-bottom: 30px;""><h3 style=""font-size: 18px; border-bottom: 1px solid #ddd; padding-bottom: 10px; margin-bottom: 15px;"">작가 이력</h3><p style=""white-space: pre-line; font-size: 14px;"">오사카예술대학교(OSAKA UNIVERSITY OF ART) 사진학과 졸업
상명대학교 예술·디자인대학원(사진학과-순수/이미지사이언스 전공)졸업
07-12년 대구예술대학교 사진학과 강사
08-09년 국민대학교 조형대학 강사
13-17년 상명대 사진영상학과 강사
10-현재 충남대학교 디자인창의학과 강사

개인전
23년 記憶의 여정 – 여미갤러리외 19회

단체전
22년 붉은 언덕_Crimson Hill전 – 연희동미술관외 40여회</p></div></div>","A","","이수철,순수미술,씨앗페,SAF2026,미술,예술,작품","B","0","0","0","0","Y","가격 문의","","1","1","","","","N","N","","","","","","","","","품절","","","","","//ecimg.cafe24img.com/pg1248b38284644098/koreasmartcoop/saf2026/4.jpg","//ecimg.cafe24img.com/pg1248b38284644098/koreasmartcoop/saf2026/4.jpg","//ecimg.cafe24img.com/pg1248b38284644098/koreasmartcoop/saf2026/4.jpg","//ecimg.cafe24img.com/pg1248b38284644098/koreasmartcoop/saf2026/4.jpg","","","","","","","","","","","","","","","","","","","","","","","","","","","","","","","","","","","","","","","",""
"","SAF2026-05","Y","Y","43","Y","Y","回1 - 이광수","","[5] 이광수","","","회화 | 캔버스에 아크릴 | 60x45cm","","<div style=""font-family: 'Noto Sans KR', sans-serif; line-height: 1.8; color: #333;""><div style=""margin-bottom: 30px;""><h2 style=""font-size: 24px; margin-bottom: 10px;"">回1</h2><p style=""font-size: 18px; color: #666; margin-bottom: 5px;"">이광수</p><p style=""color: #888;"">캔버스에 아크릴 | 60x45cm | 확인 중</p></div><div style=""margin-bottom: 30px;""><h3 style=""font-size: 18px; border-bottom: 1px solid #ddd; padding-bottom: 10px; margin-bottom: 15px;"">작가 이력</h3><p style=""white-space: pre-line; font-size: 14px;"">부산외국어대 명예교수, 사진비평가, 국제문화예술교류원 전속 작가
2025 중한예술가국제사생전 (단체전), 중국 무석시 태호미술관 소장
2025 중한예술가국제교류전 (단체전), 중국 소주시 동산국빈관 미술관 소장</p></div></div>","A","","이광수,회화,씨앗페,SAF2026,미술,예술,작품","B","1200000","1200000","1200000","1200000","N","","","1","1","","","","N","N","","","","","","","","","품절","","","","","//ecimg.cafe24img.com/pg1248b38284644098/koreasmartcoop/saf2026/5.jpg","//ecimg.cafe24img.com/pg1248b38284644098/koreasmartcoop/saf2026/5.jpg","//ecimg.cafe24img.com/pg1248b38284644098/koreasmartcoop/saf2026/5.jpg","//ecimg.cafe24img.com/pg1248b38284644098/koreasmartcoop/saf2026/5.jpg","","","","","","","","","","","","","","","","","","","","","","","","","","","","","","","","","","","","","","","",""
"","SAF2026-06","Y","Y","43","Y","Y","回2 - 이광수","","[6] 이광수","","","회화 | 캔버스에 아크릴 | 60x45cm","","<div style=""font-family: 'Noto Sans KR', sans-serif; line-height: 1.8; color: #333;""><div style=""margin-bottom: 30px;""><h2 style=""font-size: 24px; margin-bottom: 10px;"">回2</h2><p style=""font-size: 18px; color: #666; margin-bottom: 5px;"">이광수</p><p style=""color: #888;"">캔버스에 아크릴 | 60x45cm | 확인 중</p></div><div style=""margin-bottom: 30px;""><h3 style=""font-size: 18px; border-bottom: 1px solid #ddd; padding-bottom: 10px; margin-bottom: 15px;"">작가 이력</h3><p style=""white-space: pre-line; font-size: 14px;"">부산외국어대 명예교수, 사진비평가, 국제문화예술교류원 전속 작가
2025 중한예술가국제사생전 (단체전), 중국 무석시 태호미술관 소장
2025 중한예술가국제교류전 (단체전), 중국 소주시 동산국빈관 미술관 소장</p></div></div>","A","","이광수,회화,씨앗페,SAF2026,미술,예술,작품","B","1200000","1200000","1200000","1200000","N","","","1","1","","","","N","N","","","","","","","","","품절","","","","","//ecimg.cafe24img.com/pg1248b38284644098/koreasmartcoop/saf2026/6.jpg","//ecimg.cafe24img.com/pg1248b38284644098/koreasmartcoop/saf2026/6.jpg","//ecimg.cafe24img.com/pg1248b38284644098/koreasmartcoop/saf2026/6.jpg","//ecimg.cafe24img.com/pg1248b38284644098/koreasmartcoop/saf2026/6.jpg","","","","","","","","","","","","","","","","","","","","","","","","","","","","","","","","","","","","","","","",""
"","SAF2026-07","Y","Y","43","Y","Y","무제 - 안소현","","[7] 안소현","","","사진 | pigment print | 73x106.5cm","","<div style=""font-family: 'Noto Sans KR', sans-serif; line-height: 1.8; color: #333;""><div style=""margin-bottom: 30px;""><h2 style=""font-size: 24px; margin-bottom: 10px;"">무제</h2><p style=""font-size: 18px; color: #666; margin-bottom: 5px;"">안소현</p><p style=""color: #888;"">pigment print | 73x106.5cm | 2018</p><p style=""color: #888;"">에디션: 에디션 1/8</p></div><div style=""margin-bottom: 30px;""><h3 style=""font-size: 18px; border-bottom: 1px solid #ddd; padding-bottom: 10px; margin-bottom: 15px;"">작품 설명</h3><p style=""white-space: pre-line;"">동국대학교 컴퓨터공학과를 졸업하고 외신 사진기자를 거쳐 다큐멘터리 사진가로 활동 중인 젊은 작가이다. 용산 참사와 도심 재개발 풍경을 기록한 <나르시스의 자학>으로 포토스페이스에서 주관하는 사진비평상(제11회)을 수상했다. <임시풍경>(2013), <마지막 밤(들)>(2015), <쓰기금지모드>(2016), <랜덤 포레스트>(2018) 등의 개인전을 열었고 (2010), (2012), <어머니의 대지>(2016), <배틀, 베틀>(2018) 등 스무 차례 넘는 단체전에 출품하며 왕성하게 활동해왔다. 공간 <지금여기>, 등을 동료들과 함께 운영했고 사진 작업과 더불어 다양한 작품 전시회를 기획하고 있다. |||전시를 만들고 글을 쓴다. [X 사운드: 존 케이지와 백남준 이후](공동기획, 2012), 끈질긴 후렴, [굿모닝 미스터 오웰 2014](공동기획, 2014), 퇴폐미술전, 정글의 소금, 바다는 가라앉지 않는다 등의 전시를 기획했고, 현재 아트 스페이스 풀의 디렉터이며 잡지 『포럼A』의 편집장을 맡고 있다. 비평의 가능성을 넓히되 여파 없는 글을 피하려 한다. 정치적인 것이 되는 형태에 관심을 갖고 있다.</p></div></div>","A","","안소현,사진,씨앗페,SAF2026,미술,예술,작품","B","2400000","2400000","2400000","2400000","N","","","1","1","","","","N","N","","","","","","","","","품절","","","","","//ecimg.cafe24img.com/pg1248b38284644098/koreasmartcoop/saf2026/7.jpg","//ecimg.cafe24img.com/pg1248b38284644098/koreasmartcoop/saf2026/7.jpg","//ecimg.cafe24img.com/pg1248b38284644098/koreasmartcoop/saf2026/7.jpg","//ecimg.cafe24img.com/pg1248b38284644098/koreasmartcoop/saf2026/7.jpg","","","","","","","","","","","","","","","","","","","","","","","","","","","","","","","","","","","","","","","",""
"","SAF2026-08","Y","Y","43","Y","Y","Authentic City - 안소현","","[8] 안소현","","","사진 | pigment print | 60x80cm","","<div style=""font-family: 'Noto Sans KR', sans-serif; line-height: 1.8; color: #333;""><div style=""margin-bottom: 30px;""><h2 style=""font-size: 24px; margin-bottom: 10px;"">Authentic City</h2><p style=""font-size: 18px; color: #666; margin-bottom: 5px;"">안소현</p><p style=""color: #888;"">pigment print | 60x80cm | 2023</p><p style=""color: #888;"">에디션: 에디션 1/10</p></div><div style=""margin-bottom: 30px;""><h3 style=""font-size: 18px; border-bottom: 1px solid #ddd; padding-bottom: 10px; margin-bottom: 15px;"">작품 설명</h3><p style=""white-space: pre-line;"">동국대학교 컴퓨터공학과를 졸업하고 외신 사진기자를 거쳐 다큐멘터리 사진가로 활동 중인 젊은 작가이다. 용산 참사와 도심 재개발 풍경을 기록한 <나르시스의 자학>으로 포토스페이스에서 주관하는 사진비평상(제11회)을 수상했다. <임시풍경>(2013), <마지막 밤(들)>(2015), <쓰기금지모드>(2016), <랜덤 포레스트>(2018) 등의 개인전을 열었고 (2010), (2012), <어머니의 대지>(2016), <배틀, 베틀>(2018) 등 스무 차례 넘는 단체전에 출품하며 왕성하게 활동해왔다. 공간 <지금여기>, 등을 동료들과 함께 운영했고 사진 작업과 더불어 다양한 작품 전시회를 기획하고 있다. |||전시를 만들고 글을 쓴다. [X 사운드: 존 케이지와 백남준 이후](공동기획, 2012), 끈질긴 후렴, [굿모닝 미스터 오웰 2014](공동기획, 2014), 퇴폐미술전, 정글의 소금, 바다는 가라앉지 않는다 등의 전시를 기획했고, 현재 아트 스페이스 풀의 디렉터이며 잡지 『포럼A』의 편집장을 맡고 있다. 비평의 가능성을 넓히되 여파 없는 글을 피하려 한다. 정치적인 것이 되는 형태에 관심을 갖고 있다.</p></div></div>","A","","안소현,사진,씨앗페,SAF2026,미술,예술,작품","B","1500000","1500000","1500000","1500000","N","","","1","1","","","","N","N","","","","","","","","","품절","","","","","//ecimg.cafe24img.com/pg1248b38284644098/koreasmartcoop/saf2026/8.jpg","//ecimg.cafe24img.com/pg1248b38284644098/koreasmartcoop/saf2026/8.jpg","//ecimg.cafe24img.com/pg1248b38284644098/koreasmartcoop/saf2026/8.jpg","//ecimg.cafe24img.com/pg1248b38284644098/koreasmartcoop/saf2026/8.jpg","","","","","","","","","","","","","","","","","","","","","","","","","","","","","","","","","","","","","","","",""
"","SAF2026-09","Y","Y","43","Y","Y","Authentic City - 안소현","","[9] 안소현","","","사진 | pigment print | 40x50cm","","<div style=""font-family: 'Noto Sans KR', sans-serif; line-height: 1.8; color: #333;""><div style=""margin-bottom: 30px;""><h2 style=""font-size: 24px; margin-bottom: 10px;"">Authentic City</h2><p style=""font-size: 18px; color: #666; margin-bottom: 5px;"">안소현</p><p style=""color: #888;"">pigment print | 40x50cm | 2023</p><p style=""color: #888;"">에디션: 에디션 2/10</p></div><div style=""margin-bottom: 30px;""><h3 style=""font-size: 18px; border-bottom: 1px solid #ddd; padding-bottom: 10px; margin-bottom: 15px;"">작품 설명</h3><p style=""white-space: pre-line;"">동국대학교 컴퓨터공학과를 졸업하고 외신 사진기자를 거쳐 다큐멘터리 사진가로 활동 중인 젊은 작가이다. 용산 참사와 도심 재개발 풍경을 기록한 <나르시스의 자학>으로 포토스페이스에서 주관하는 사진비평상(제11회)을 수상했다. <임시풍경>(2013), <마지막 밤(들)>(2015), <쓰기금지모드>(2016), <랜덤 포레스트>(2018) 등의 개인전을 열었고 (2010), (2012), <어머니의 대지>(2016), <배틀, 베틀>(2018) 등 스무 차례 넘는 단체전에 출품하며 왕성하게 활동해왔다. 공간 <지금여기>, 등을 동료들과 함께 운영했고 사진 작업과 더불어 다양한 작품 전시회를 기획하고 있다. |||전시를 만들고 글을 쓴다. [X 사운드: 존 케이지와 백남준 이후](공동기획, 2012), 끈질긴 후렴, [굿모닝 미스터 오웰 2014](공동기획, 2014), 퇴폐미술전, 정글의 소금, 바다는 가라앉지 않는다 등의 전시를 기획했고, 현재 아트 스페이스 풀의 디렉터이며 잡지 『포럼A』의 편집장을 맡고 있다. 비평의 가능성을 넓히되 여파 없는 글을 피하려 한다. 정치적인 것이 되는 형태에 관심을 갖고 있다.</p></div></div>","A","","안소현,사진,씨앗페,SAF2026,미술,예술,작품","B","600000","600000","600000","600000","N","","","1","1","","","","N","N","","","","","","","","","품절","","","","","//ecimg.cafe24img.com/pg1248b38284644098/koreasmartcoop/saf2026/9.jpg","//ecimg.cafe24img.com/pg1248b38284644098/koreasmartcoop/saf2026/9.jpg","//ecimg.cafe24img.com/pg1248b38284644098/koreasmartcoop/saf2026/9.jpg","//ecimg.cafe24img.com/pg1248b38284644098/koreasmartcoop/saf2026/9.jpg","","","","","","","","","","","","","","","","","","","","","","","","","","","","","","","","","","","","","","","",""
"","SAF2026-10","Y","Y","43","Y","Y","야형화접도 (夜螢花蝶圖) - 신예리","","[10] 신예리","","","한국화 | 먹 염색한 한지 위에 분채 | 24x114cm","","<div style=""font-family: 'Noto Sans KR', sans-serif; line-height: 1.8; color: #333;""><div style=""margin-bottom: 30px;""><h2 style=""font-size: 24px; margin-bottom: 10px;"">야형화접도 (夜螢花蝶圖)</h2><p style=""font-size: 18px; color: #666; margin-bottom: 5px;"">신예리</p><p style=""color: #888;"">먹 염색한 한지 위에 분채 | 24x114cm | 2023</p></div><div style=""margin-bottom: 30px;""><h3 style=""font-size: 18px; border-bottom: 1px solid #ddd; padding-bottom: 10px; margin-bottom: 15px;"">작가 이력</h3><p style=""white-space: pre-line; font-size: 14px;"">담몽(淡夢) 신예리
경원대학교(현 가천대) 섬유미술과 졸업 (2003)
경기무형문화재 화각장 한춘섭화각공예 수석디자이너로 10년 재직
현(現) 민화공예공방 ‘담몽’ 대표
대한민국 국가미술특별초대전 초대작가
SNAF성남아트페어 작가전
목원회 단체전 등 참여</p></div></div>","A","","신예리,한국화,씨앗페,SAF2026,미술,예술,작품","B","4000000","4000000","4000000","4000000","N","","","1","1","","","","N","N","","","","","","","","","품절","","","","","//ecimg.cafe24img.com/pg1248b38284644098/koreasmartcoop/saf2026/10.jpg","//ecimg.cafe24img.com/pg1248b38284644098/koreasmartcoop/saf2026/10.jpg","//ecimg.cafe24img.com/pg1248b38284644098/koreasmartcoop/saf2026/10.jpg","//ecimg.cafe24img.com/pg1248b38284644098/koreasmartcoop/saf2026/10.jpg","","","","","","","","","","","","","","","","","","","","","","","","","","","","","","","","","","","","","","","",""
"","SAF2026-11","Y","Y","43","Y","Y","책거리 (Chaekgeori) - 신예리","","[11] 신예리","","","한국화 | 염색한지 위에 분채 | 103.5x68.3cm","","<div style=""font-family: 'Noto Sans KR', sans-serif; line-height: 1.8; color: #333;""><div style=""margin-bottom: 30px;""><h2 style=""font-size: 24px; margin-bottom: 10px;"">책거리 (Chaekgeori)</h2><p style=""font-size: 18px; color: #666; margin-bottom: 5px;"">신예리</p><p style=""color: #888;"">염색한지 위에 분채 | 103.5x68.3cm | 2020</p></div><div style=""margin-bottom: 30px;""><h3 style=""font-size: 18px; border-bottom: 1px solid #ddd; padding-bottom: 10px; margin-bottom: 15px;"">작가 이력</h3><p style=""white-space: pre-line; font-size: 14px;"">담몽(淡夢) 신예리
경원대학교(현 가천대) 섬유미술과 졸업 (2003)
경기무형문화재 화각장 한춘섭화각공예 수석디자이너로 10년 재직
현(現) 민화공예공방 ‘담몽’ 대표
대한민국 국가미술특별초대전 초대작가
SNAF성남아트페어 작가전
목원회 단체전 등 참여</p></div></div>","A","","신예리,한국화,씨앗페,SAF2026,미술,예술,작품","B","6000000","6000000","6000000","6000000","N","","","1","1","","","","N","N","","","","","","","","","품절","","","","","//ecimg.cafe24img.com/pg1248b38284644098/koreasmartcoop/saf2026/11.png","//ecimg.cafe24img.com/pg1248b38284644098/koreasmartcoop/saf2026/11.png","//ecimg.cafe24img.com/pg1248b38284644098/koreasmartcoop/saf2026/11.png","//ecimg.cafe24img.com/pg1248b38284644098/koreasmartcoop/saf2026/11.png","","","","","","","","","","","","","","","","","","","","","","","","","","","","","","","","","","","","","","","",""
"","SAF2026-12","Y","Y","43","Y","Y","The Houses at Night,2021, #81 - 손은영","","[12] 손은영","","","사진 | Archival pigment print | 60x80cm","","<div style=""font-family: 'Noto Sans KR', sans-serif; line-height: 1.8; color: #333;""><div style=""margin-bottom: 30px;""><h2 style=""font-size: 24px; margin-bottom: 10px;"">The Houses at Night,2021, #81</h2><p style=""font-size: 18px; color: #666; margin-bottom: 5px;"">손은영</p><p style=""color: #888;"">Archival pigment print | 60x80cm | 2022</p></div><div style=""margin-bottom: 30px;""><h3 style=""font-size: 18px; border-bottom: 1px solid #ddd; padding-bottom: 10px; margin-bottom: 15px;"">작품 설명</h3><p style=""white-space: pre-line;"">집은 가족 구성원 간의 사랑과 따뜻함, 안락함 등의 정서적 경험과 친밀감을 느끼는 일상생활에서 가장 중요한 장소이다. 집은 사람들이 많은 시간을 보내고, 추억을 만들어 내는 장소이고, 집에 대한 기억은 자신의 가족, 친구, 지역사회 등과의 연관성을 떠올리게 하며, 이는 자기 삶의 의미와 방향성을 제시하는 역할을 한다. 집은 가족 구성원과 끊을 수 없는 유대감과 공동 운명체라는 정서가 녹아 있고, 추억을 공유하고 미래의 꿈을 꿈꿔 왔던 삶의 중요한 장소이다.

시대가 변화함에 따라 집의 의미도 점차 변화하지만, 여전히 집에는 개인의 지난 시절의 추억, 경험과 더불어 자신의 모습이 담겨있다. 집이 품고 있는 따뜻함과 보호받음은 집이 지닌 모성(母性)이고, 몸에 각인된 모성으로 인해 어린 시절의 기억이 스며있는 그 집들이 이제는 존재하지 않더라도 여전히 사라지지 않는 최후의 가치로 남아 있게 된다.

나는 《검은 집》(2020년)을 시작으로, 《밤의 집》(2021년), 2023년 《기억의 집》, 2024년 5월 13일 전시 예정인 《그 집에 산다》까지 집이라는 장소에 주목하여 작업의 중요 소재로 삼아 왔다.

나에게 집은 가족과의 정서적 유대감이 충만한 장소이면서도 가족의 부재에서 비롯된 상실감이 혼재된 장소이다. 나의 기억 속 집은 온 가족들이 함께하지 못하고 종종 혼자 지내는 장소이기도 했다. 집 연작들은 이러한 과거의 기억에서 비롯한다. 한 지붕 밑에 온 가족이 모여, 웃고 즐기면서 이야기하는 꿈을 자주 꾸곤 했다.

《밤의 집》과 《기억의 집》이 집을 정물처럼 근접한 거리에서 정적인 시선으로 접근하여 바라봤다면 이번 《그 집에 산다》는 집들이 함께 어울어져 모여 있는 골목을 중심으로 바라보고자 했다. 서울과 지방을 오고 가며 촬영한 다양한 형태의 집들을 마치 도색 하듯이 색을 입히고, 낡거나 헌 물건을 고치듯이 새롭게 표현하고자 했다. 사람의 온기와 친밀도를 느낄 수 있도록 따뜻한 색조를 많이 사용하고자 했다.

청소년 시절의 어린 마음에는, 집은 어디에나 있지만, 가족 구성원이 희로애락을 함께 나눌 수 있는 진정한 의미의 집은 어디에도 없을 것으로 생각하곤 했다. 그러나 인간은 기억하고 싶은 것만 기억하듯이 자전적 기억 속의 집은 아름답고 근사한 자태로 그리움으로 남아 있다. 현대인에게도 여전히 인간을 위한 진정한 집은 어디에 있는지, 집은 인간에게 어떤 의미가 있는지, 풀리지 않는 수수께끼처럼 남아 있다.

청소년기에 겪었던 가족에 대한 그리움과 애틋한 기억과 돌아갈 수 없는 시절의 노스탤지어 감성으로 집의 진정한 의미를 찾아 가는 여정을 통해 이 시대를 살아가는데 필요한 진정한 위안과 집이라는 장소에 깃든 삶의 아름다움과 특별함을 표현하고자 한다.</p></div><div style=""margin-bottom: 30px;""><h3 style=""font-size: 18px; border-bottom: 1px solid #ddd; padding-bottom: 10px; margin-bottom: 15px;"">작가 이력</h3><p style=""white-space: pre-line; font-size: 14px;"">학력
이화여자대학교 미술대학 서양화과 졸업
홍익대학교 산업미술대학원 사진디자인 전공 석사

전시 경력
2024 그 집에 산다, 갤러리 브레송, 서울
2024 기억의 집 초대전, 예술곳간, 청주 외 개인전 13회
2024 그라운드 서학, 전주 아트갤러리, 전주
2024 마음의 집, 송파구 예송미술관, 서울 외 단체전 31회

출판
2020 밤의 집 The Houses at Night, 눈빛
2021 밤의 집 The Houses at Night, 나미브

수상
2022 BELT 2022 판화사진 공모 작가 사진부문 선정
2021 제2회 FNK Photography Award 예술사진부문 당선
2018 서울시청 하늘광장 갤러리 작가 공모당선
연락처 및 SNS
홈페이지: www.soneunyoung.com
인스타그램: _young_eye
E-mail: eye7148@hanmail.net</p></div></div>","A","","손은영,사진,씨앗페,SAF2026,미술,예술,작품","B","0","0","0","0","Y","가격 문의","","1","1","","","","N","N","","","","","","","","","품절","","","","","//ecimg.cafe24img.com/pg1248b38284644098/koreasmartcoop/saf2026/12.jpg","//ecimg.cafe24img.com/pg1248b38284644098/koreasmartcoop/saf2026/12.jpg","//ecimg.cafe24img.com/pg1248b38284644098/koreasmartcoop/saf2026/12.jpg","//ecimg.cafe24img.com/pg1248b38284644098/koreasmartcoop/saf2026/12.jpg","","","","","","","","","","","","","","","","","","","","","","","","","","","","","","","","","","","","","","","",""
"","SAF2026-13","Y","Y","43","Y","Y","언덕위의 집 - 손은영","","[13] 손은영","","","사진 | Archival pigment print | 60x50cm","","<div style=""font-family: 'Noto Sans KR', sans-serif; line-height: 1.8; color: #333;""><div style=""margin-bottom: 30px;""><h2 style=""font-size: 24px; margin-bottom: 10px;"">언덕위의 집</h2><p style=""font-size: 18px; color: #666; margin-bottom: 5px;"">손은영</p><p style=""color: #888;"">Archival pigment print | 60x50cm | 2024</p></div><div style=""margin-bottom: 30px;""><h3 style=""font-size: 18px; border-bottom: 1px solid #ddd; padding-bottom: 10px; margin-bottom: 15px;"">작품 설명</h3><p style=""white-space: pre-line;"">집은 가족 구성원 간의 사랑과 따뜻함, 안락함 등의 정서적 경험과 친밀감을 느끼는 일상생활에서 가장 중요한 장소이다. 집은 사람들이 많은 시간을 보내고, 추억을 만들어 내는 장소이고, 집에 대한 기억은 자신의 가족, 친구, 지역사회 등과의 연관성을 떠올리게 하며, 이는 자기 삶의 의미와 방향성을 제시하는 역할을 한다. 집은 가족 구성원과 끊을 수 없는 유대감과 공동 운명체라는 정서가 녹아 있고, 추억을 공유하고 미래의 꿈을 꿈꿔 왔던 삶의 중요한 장소이다.

시대가 변화함에 따라 집의 의미도 점차 변화하지만, 여전히 집에는 개인의 지난 시절의 추억, 경험과 더불어 자신의 모습이 담겨있다. 집이 품고 있는 따뜻함과 보호받음은 집이 지닌 모성(母性)이고, 몸에 각인된 모성으로 인해 어린 시절의 기억이 스며있는 그 집들이 이제는 존재하지 않더라도 여전히 사라지지 않는 최후의 가치로 남아 있게 된다.

나는 《검은 집》(2020년)을 시작으로, 《밤의 집》(2021년), 2023년 《기억의 집》, 2024년 5월 13일 전시 예정인 《그 집에 산다》까지 집이라는 장소에 주목하여 작업의 중요 소재로 삼아 왔다.

나에게 집은 가족과의 정서적 유대감이 충만한 장소이면서도 가족의 부재에서 비롯된 상실감이 혼재된 장소이다. 나의 기억 속 집은 온 가족들이 함께하지 못하고 종종 혼자 지내는 장소이기도 했다. 집 연작들은 이러한 과거의 기억에서 비롯한다. 한 지붕 밑에 온 가족이 모여, 웃고 즐기면서 이야기하는 꿈을 자주 꾸곤 했다.

《밤의 집》과 《기억의 집》이 집을 정물처럼 근접한 거리에서 정적인 시선으로 접근하여 바라봤다면 이번 《그 집에 산다》는 집들이 함께 어울어져 모여 있는 골목을 중심으로 바라보고자 했다. 서울과 지방을 오고 가며 촬영한 다양한 형태의 집들을 마치 도색 하듯이 색을 입히고, 낡거나 헌 물건을 고치듯이 새롭게 표현하고자 했다. 사람의 온기와 친밀도를 느낄 수 있도록 따뜻한 색조를 많이 사용하고자 했다.

청소년 시절의 어린 마음에는, 집은 어디에나 있지만, 가족 구성원이 희로애락을 함께 나눌 수 있는 진정한 의미의 집은 어디에도 없을 것으로 생각하곤 했다. 그러나 인간은 기억하고 싶은 것만 기억하듯이 자전적 기억 속의 집은 아름답고 근사한 자태로 그리움으로 남아 있다. 현대인에게도 여전히 인간을 위한 진정한 집은 어디에 있는지, 집은 인간에게 어떤 의미가 있는지, 풀리지 않는 수수께끼처럼 남아 있다.

청소년기에 겪었던 가족에 대한 그리움과 애틋한 기억과 돌아갈 수 없는 시절의 노스탤지어 감성으로 집의 진정한 의미를 찾아 가는 여정을 통해 이 시대를 살아가는데 필요한 진정한 위안과 집이라는 장소에 깃든 삶의 아름다움과 특별함을 표현하고자 한다.</p></div><div style=""margin-bottom: 30px;""><h3 style=""font-size: 18px; border-bottom: 1px solid #ddd; padding-bottom: 10px; margin-bottom: 15px;"">작가 이력</h3><p style=""white-space: pre-line; font-size: 14px;"">학력
이화여자대학교 미술대학 서양화과 졸업
홍익대학교 산업미술대학원 사진디자인 전공 석사

전시 경력
2024 그 집에 산다, 갤러리 브레송, 서울
2024 기억의 집 초대전, 예술곳간, 청주 외 개인전 13회
2024 그라운드 서학, 전주 아트갤러리, 전주
2024 마음의 집, 송파구 예송미술관, 서울 외 단체전 31회

출판
2020 밤의 집 The Houses at Night, 눈빛
2021 밤의 집 The Houses at Night, 나미브

수상
2022 BELT 2022 판화사진 공모 작가 사진부문 선정
2021 제2회 FNK Photography Award 예술사진부문 당선
2018 서울시청 하늘광장 갤러리 작가 공모당선
연락처 및 SNS
홈페이지: www.soneunyoung.com
인스타그램: _young_eye
E-mail: eye7148@hanmail.net</p></div></div>","A","","손은영,사진,씨앗페,SAF2026,미술,예술,작품","B","0","0","0","0","Y","가격 문의","","1","1","","","","N","N","","","","","","","","","품절","","","","","//ecimg.cafe24img.com/pg1248b38284644098/koreasmartcoop/saf2026/13.jpg","//ecimg.cafe24img.com/pg1248b38284644098/koreasmartcoop/saf2026/13.jpg","//ecimg.cafe24img.com/pg1248b38284644098/koreasmartcoop/saf2026/13.jpg","//ecimg.cafe24img.com/pg1248b38284644098/koreasmartcoop/saf2026/13.jpg","","","","","","","","","","","","","","","","","","","","","","","","","","","","","","","","","","","","","","","",""
"","SAF2026-14","Y","Y","43","Y","Y","곡선운동의 궤적으로부터 롯데월드타워 230817 - 라인석","","[14] 라인석","","","사진 | pigment based inkjet on matte paper | 50x30cm","라인석 작가는 순수 사진부터 사진을 매체로 한 시각예술인 ArtWork을 넘나들며 다양하고 크레이티브한 작업으로 호평을 받고 있다. 피사체의 촉감을 전달하기 위해 인화지를 긁어내 그 사이로 잉크가 스며들게 하기도 했다. 초능력을 갖게 해 달라고 기도하다가 구부러지고 휘어진 세계를 포착하는 능력을 갖게 되었다. 그 덕분에 라인석 작가는 직선도 곡선으로 본다....","<div style=""font-family: 'Noto Sans KR', sans-serif; line-height: 1.8; color: #333;""><div style=""margin-bottom: 30px;""><h2 style=""font-size: 24px; margin-bottom: 10px;"">곡선운동의 궤적으로부터 롯데월드타워 230817</h2><p style=""font-size: 18px; color: #666; margin-bottom: 5px;"">라인석</p><p style=""color: #888;"">pigment based inkjet on matte paper | 50x30cm | 2023</p></div><div style=""margin-bottom: 30px;""><h3 style=""font-size: 18px; border-bottom: 1px solid #ddd; padding-bottom: 10px; margin-bottom: 15px;"">작가 소개</h3><p style=""white-space: pre-line;"">라인석 작가는 순수 사진부터 사진을 매체로 한 시각예술인 ArtWork을 넘나들며 다양하고 크레이티브한 작업으로 호평을 받고 있다. 피사체의 촉감을 전달하기 위해 인화지를 긁어내 그 사이로 잉크가 스며들게 하기도 했다. 초능력을 갖게 해 달라고 기도하다가 구부러지고 휘어진 세계를 포착하는 능력을 갖게 되었다. 그 덕분에 라인석 작가는 직선도 곡선으로 본다. 이름하여 '반듯한 곡선'. 카메라에 포착된 직선은 휘어진 세계이다.</p></div><div style=""margin-bottom: 30px;""><h3 style=""font-size: 18px; border-bottom: 1px solid #ddd; padding-bottom: 10px; margin-bottom: 15px;"">작가 이력</h3><p style=""white-space: pre-line; font-size: 14px;"">개인전
2021 휘어진 세계로부터 갤러리 브레송, 서울 외 다수
2019 사건 으로부터, 로부터 갤러리구피, 서울
2019 사진은 세계를 만지고 포토그래퍼스 갤러리 코리아, 서울
2019 TOUCH 갤러리 브레송, 서울
2018 이미지의 귀환 third story IMAGE2IMAGE 공간더인 공간더인, 서울
2015 CONTACT 포토그래퍼스 갤러리 코리아, 서울
2013 IMAGE2IMAGE2 갤러리 유키, 도쿄 일본
2012 IMAGE2IMAGE 갤러리 유키, 서울
2009 낯선 하루 공간 루, 서울

단체전
2022 본질에 대하여 홍천 미술관, 홍천
2022 GRAPHOS 비움 갤러리, 서울
2022 인천개항장 국제사진영상페스티벌 한국작가 15인전 화교역사관, 인천 2022 TANGLED COSMOS 메탈하우스 갤러리, 양평
2022 Neo-orbis_新世界 홍천 미술관, 홍천
2022 Contemporary Korea Photography 김영섭사진화랑, 서울
2021 날씨의 맛 갤러리 브레송, 서울
2021 바라보다3-다시보다 갤러리 아지트, 서울
2021 환경전시: To The Negentropia 충무로 갤러리, 서울
2020 Seoul in my mind 금산 갤러리, 서울
2020 관계하다 비움 갤러리, 서울
2020 확장된 감각 와이아트 갤러리, 서울
2019 포스트 포토 토포 하우스, 서울
2019 On Photography 갤러리 브레송, 서울
2018 고양이 아미미술관, 당진 충남
2018 D cut Image for Yourself 아트스페이스엣, 서울
2018 경계해체, 사진과 회화의 경계 에코락 갤러리, 서울
2017 경계해체II 사진과 회화의 경계 에코락 갤러리, 서울
2012 Let's Play Space Radio M, 서울
2011 사진,,,매체로서의 예술 스페이스 이노, 서울
2011 회사원전 작은공간 이소, 대구

출판
2019 <TOUCH> 나미브 출판사
2019 <On Photography> 눈빛 출판사 p37~43</p></div></div>","A","","라인석,사진,씨앗페,SAF2026,미술,예술,작품","B","700000","700000","700000","700000","N","","","1","1","","","","N","N","","","","","","","","","품절","","","","","//ecimg.cafe24img.com/pg1248b38284644098/koreasmartcoop/saf2026/14.jpg","//ecimg.cafe24img.com/pg1248b38284644098/koreasmartcoop/saf2026/14.jpg","//ecimg.cafe24img.com/pg1248b38284644098/koreasmartcoop/saf2026/14.jpg","//ecimg.cafe24img.com/pg1248b38284644098/koreasmartcoop/saf2026/14.jpg","","","","","","","","","","","","","","","","","","","","","","","","","","","","","","","","","","","","","","","",""
"","SAF2026-15","Y","Y","43","Y","Y","서울타워로부터 - 라인석","","[15] 라인석","","","사진 | pigment based inkjet on touched paper, 하얀색 원목액자 | 107.5x77.5cm","라인석 작가는 순수 사진부터 사진을 매체로 한 시각예술인 ArtWork을 넘나들며 다양하고 크레이티브한 작업으로 호평을 받고 있다. 피사체의 촉감을 전달하기 위해 인화지를 긁어내 그 사이로 잉크가 스며들게 하기도 했다. 초능력을 갖게 해 달라고 기도하다가 구부러지고 휘어진 세계를 포착하는 능력을 갖게 되었다. 그 덕분에 라인석 작가는 직선도 곡선으로 본다....","<div style=""font-family: 'Noto Sans KR', sans-serif; line-height: 1.8; color: #333;""><div style=""margin-bottom: 30px;""><h2 style=""font-size: 24px; margin-bottom: 10px;"">서울타워로부터</h2><p style=""font-size: 18px; color: #666; margin-bottom: 5px;"">라인석</p><p style=""color: #888;"">pigment based inkjet on touched paper, 하얀색 원목액자 | 107.5x77.5cm | 확인 중</p><p style=""color: #888;"">에디션: unique edition</p></div><div style=""margin-bottom: 30px;""><h3 style=""font-size: 18px; border-bottom: 1px solid #ddd; padding-bottom: 10px; margin-bottom: 15px;"">작가 소개</h3><p style=""white-space: pre-line;"">라인석 작가는 순수 사진부터 사진을 매체로 한 시각예술인 ArtWork을 넘나들며 다양하고 크레이티브한 작업으로 호평을 받고 있다. 피사체의 촉감을 전달하기 위해 인화지를 긁어내 그 사이로 잉크가 스며들게 하기도 했다. 초능력을 갖게 해 달라고 기도하다가 구부러지고 휘어진 세계를 포착하는 능력을 갖게 되었다. 그 덕분에 라인석 작가는 직선도 곡선으로 본다. 이름하여 '반듯한 곡선'. 카메라에 포착된 직선은 휘어진 세계이다.</p></div><div style=""margin-bottom: 30px;""><h3 style=""font-size: 18px; border-bottom: 1px solid #ddd; padding-bottom: 10px; margin-bottom: 15px;"">작가 이력</h3><p style=""white-space: pre-line; font-size: 14px;"">개인전
2021 휘어진 세계로부터 갤러리 브레송, 서울 외 다수
2019 사건 으로부터, 로부터 갤러리구피, 서울
2019 사진은 세계를 만지고 포토그래퍼스 갤러리 코리아, 서울
2019 TOUCH 갤러리 브레송, 서울
2018 이미지의 귀환 third story IMAGE2IMAGE 공간더인 공간더인, 서울
2015 CONTACT 포토그래퍼스 갤러리 코리아, 서울
2013 IMAGE2IMAGE2 갤러리 유키, 도쿄 일본
2012 IMAGE2IMAGE 갤러리 유키, 서울
2009 낯선 하루 공간 루, 서울

단체전
2022 본질에 대하여 홍천 미술관, 홍천
2022 GRAPHOS 비움 갤러리, 서울
2022 인천개항장 국제사진영상페스티벌 한국작가 15인전 화교역사관, 인천 2022 TANGLED COSMOS 메탈하우스 갤러리, 양평
2022 Neo-orbis_新世界 홍천 미술관, 홍천
2022 Contemporary Korea Photography 김영섭사진화랑, 서울
2021 날씨의 맛 갤러리 브레송, 서울
2021 바라보다3-다시보다 갤러리 아지트, 서울
2021 환경전시: To The Negentropia 충무로 갤러리, 서울
2020 Seoul in my mind 금산 갤러리, 서울
2020 관계하다 비움 갤러리, 서울
2020 확장된 감각 와이아트 갤러리, 서울
2019 포스트 포토 토포 하우스, 서울
2019 On Photography 갤러리 브레송, 서울
2018 고양이 아미미술관, 당진 충남
2018 D cut Image for Yourself 아트스페이스엣, 서울
2018 경계해체, 사진과 회화의 경계 에코락 갤러리, 서울
2017 경계해체II 사진과 회화의 경계 에코락 갤러리, 서울
2012 Let's Play Space Radio M, 서울
2011 사진,,,매체로서의 예술 스페이스 이노, 서울
2011 회사원전 작은공간 이소, 대구

출판
2019 <TOUCH> 나미브 출판사
2019 <On Photography> 눈빛 출판사 p37~43</p></div></div>","A","","라인석,사진,씨앗페,SAF2026,미술,예술,작품","B","5000000","5000000","5000000","5000000","N","","","1","1","","","","N","N","","","","","","","","","품절","","","","","//ecimg.cafe24img.com/pg1248b38284644098/koreasmartcoop/saf2026/15.jpg","//ecimg.cafe24img.com/pg1248b38284644098/koreasmartcoop/saf2026/15.jpg","//ecimg.cafe24img.com/pg1248b38284644098/koreasmartcoop/saf2026/15.jpg","//ecimg.cafe24img.com/pg1248b38284644098/koreasmartcoop/saf2026/15.jpg","","","","","","","","","","","","","","","","","","","","","","","","","","","","","","","","","","","","","","","",""
"","SAF2026-16","Y","Y","43","Y","Y","휘어진 세계로부터_모나미볼펜 1 - 라인석","","[16] 라인석","","","사진 | pigment based inkjet on matte paper, 알루미늄 액자 | 42x58cm","라인석 작가는 순수 사진부터 사진을 매체로 한 시각예술인 ArtWork을 넘나들며 다양하고 크레이티브한 작업으로 호평을 받고 있다. 피사체의 촉감을 전달하기 위해 인화지를 긁어내 그 사이로 잉크가 스며들게 하기도 했다. 초능력을 갖게 해 달라고 기도하다가 구부러지고 휘어진 세계를 포착하는 능력을 갖게 되었다. 그 덕분에 라인석 작가는 직선도 곡선으로 본다....","<div style=""font-family: 'Noto Sans KR', sans-serif; line-height: 1.8; color: #333;""><div style=""margin-bottom: 30px;""><h2 style=""font-size: 24px; margin-bottom: 10px;"">휘어진 세계로부터_모나미볼펜 1</h2><p style=""font-size: 18px; color: #666; margin-bottom: 5px;"">라인석</p><p style=""color: #888;"">pigment based inkjet on matte paper, 알루미늄 액자 | 42x58cm | 2015</p></div><div style=""margin-bottom: 30px;""><h3 style=""font-size: 18px; border-bottom: 1px solid #ddd; padding-bottom: 10px; margin-bottom: 15px;"">작가 소개</h3><p style=""white-space: pre-line;"">라인석 작가는 순수 사진부터 사진을 매체로 한 시각예술인 ArtWork을 넘나들며 다양하고 크레이티브한 작업으로 호평을 받고 있다. 피사체의 촉감을 전달하기 위해 인화지를 긁어내 그 사이로 잉크가 스며들게 하기도 했다. 초능력을 갖게 해 달라고 기도하다가 구부러지고 휘어진 세계를 포착하는 능력을 갖게 되었다. 그 덕분에 라인석 작가는 직선도 곡선으로 본다. 이름하여 '반듯한 곡선'. 카메라에 포착된 직선은 휘어진 세계이다.</p></div><div style=""margin-bottom: 30px;""><h3 style=""font-size: 18px; border-bottom: 1px solid #ddd; padding-bottom: 10px; margin-bottom: 15px;"">작가 이력</h3><p style=""white-space: pre-line; font-size: 14px;"">개인전
2021 휘어진 세계로부터 갤러리 브레송, 서울 외 다수
2019 사건 으로부터, 로부터 갤러리구피, 서울
2019 사진은 세계를 만지고 포토그래퍼스 갤러리 코리아, 서울
2019 TOUCH 갤러리 브레송, 서울
2018 이미지의 귀환 third story IMAGE2IMAGE 공간더인 공간더인, 서울
2015 CONTACT 포토그래퍼스 갤러리 코리아, 서울
2013 IMAGE2IMAGE2 갤러리 유키, 도쿄 일본
2012 IMAGE2IMAGE 갤러리 유키, 서울
2009 낯선 하루 공간 루, 서울

단체전
2022 본질에 대하여 홍천 미술관, 홍천
2022 GRAPHOS 비움 갤러리, 서울
2022 인천개항장 국제사진영상페스티벌 한국작가 15인전 화교역사관, 인천 2022 TANGLED COSMOS 메탈하우스 갤러리, 양평
2022 Neo-orbis_新世界 홍천 미술관, 홍천
2022 Contemporary Korea Photography 김영섭사진화랑, 서울
2021 날씨의 맛 갤러리 브레송, 서울
2021 바라보다3-다시보다 갤러리 아지트, 서울
2021 환경전시: To The Negentropia 충무로 갤러리, 서울
2020 Seoul in my mind 금산 갤러리, 서울
2020 관계하다 비움 갤러리, 서울
2020 확장된 감각 와이아트 갤러리, 서울
2019 포스트 포토 토포 하우스, 서울
2019 On Photography 갤러리 브레송, 서울
2018 고양이 아미미술관, 당진 충남
2018 D cut Image for Yourself 아트스페이스엣, 서울
2018 경계해체, 사진과 회화의 경계 에코락 갤러리, 서울
2017 경계해체II 사진과 회화의 경계 에코락 갤러리, 서울
2012 Let's Play Space Radio M, 서울
2011 사진,,,매체로서의 예술 스페이스 이노, 서울
2011 회사원전 작은공간 이소, 대구

출판
2019 <TOUCH> 나미브 출판사
2019 <On Photography> 눈빛 출판사 p37~43</p></div></div>","A","","라인석,사진,씨앗페,SAF2026,미술,예술,작품","B","1200000","1200000","1200000","1200000","N","","","1","1","","","","N","N","","","","","","","","","품절","","","","","//ecimg.cafe24img.com/pg1248b38284644098/koreasmartcoop/saf2026/16.jpg","//ecimg.cafe24img.com/pg1248b38284644098/koreasmartcoop/saf2026/16.jpg","//ecimg.cafe24img.com/pg1248b38284644098/koreasmartcoop/saf2026/16.jpg","//ecimg.cafe24img.com/pg1248b38284644098/koreasmartcoop/saf2026/16.jpg","","","","","","","","","","","","","","","","","","","","","","","","","","","","","","","","","","","","","","","",""
"","SAF2026-17","Y","Y","43","Y","Y","The great resurrection (위대한부활) - 이호철","","[17] 이호철","","","회화 | Acrylic on canvas
Acrylic on supermirror | 30호","이호철 작가의 그림에는 닫혀 있는 세계와 열려 있는 세계의 묘한 함수관계 같은 것이 암시되어 있다. 작가의 작품에 자주 등장 하는 서랍이나 틀의 이미지는 닫힘과 열림의 경계에 있는 하나의 문지방 역할을 하기도 하며, 백자 뿐 아니라 대접, 흔히 사발이라 부르는 다완은 담백하고 수더분한 자태를 지닌다. 두툼한 기벽 외면의 굵은 물레 자국의 빠른 움직임이 순식...","<div style=""font-family: 'Noto Sans KR', sans-serif; line-height: 1.8; color: #333;""><div style=""margin-bottom: 30px;""><h2 style=""font-size: 24px; margin-bottom: 10px;"">The great resurrection (위대한부활)</h2><p style=""font-size: 18px; color: #666; margin-bottom: 5px;"">이호철</p><p style=""color: #888;"">Acrylic on canvas
Acrylic on supermirror | 30호 | 확인 중</p></div><div style=""margin-bottom: 30px;""><h3 style=""font-size: 18px; border-bottom: 1px solid #ddd; padding-bottom: 10px; margin-bottom: 15px;"">작가 소개</h3><p style=""white-space: pre-line;"">이호철 작가의 그림에는 닫혀 있는 세계와 열려 있는 세계의 묘한 함수관계 같은 것이 암시되어 있다. 작가의 작품에 자주 등장 하는 서랍이나 틀의 이미지는 닫힘과 열림의 경계에 있는 하나의 문지방 역할을 하기도 하며, 백자 뿐 아니라 대접, 흔히 사발이라 부르는 다완은 담백하고 수더분한 자태를 지닌다. 두툼한 기벽 외면의 굵은 물레 자국의 빠른 움직임이 순식간에 휙 지나간 듯 도자기 외벽에 거칠게 나 있는 것을 그대로 그렸다. 물의 흐름처럼, 바람이 불어오는 것 처럼 도체 전면을 분장하여 자유로움을 표현하고 있는 이호철 작가의 달항아리 작품은 백토의 자연스러운 흔적을 상당히 정교하고 섬세하게 묘사해 내고 있다. 더 없는 회화적인 맛을 풍성하게 표현하고 있는 백토는 충분히 매력적인 붓질의 회화 작품으로 추상화처럼 느껴진다. 이호철 작가는 홍익대학교 서양화과를 거쳐 동대학교 대학원 서양화과를 졸업한 후 1990년 금호 미술관에서의 첫 개인전을 시작으로 노화랑, 표갤러리, 아라리오, 선화랑 등 다수의 개인전을 가졌으며, 국제 Impact Art Festival (일본, 경도(京都)), 제8회 JAALA (TOKYO, JAPAN), 한국현대회화 50년 조망전(서울 갤러리) 등 국내외 단체전에 150여회 참여하였다.</p></div></div>","A","","이호철,회화,씨앗페,SAF2026,미술,예술,작품","B","0","0","0","0","Y","가격 문의","","1","1","","","","N","N","","","","","","","","","품절","","","","","//ecimg.cafe24img.com/pg1248b38284644098/koreasmartcoop/saf2026/17.jpg","//ecimg.cafe24img.com/pg1248b38284644098/koreasmartcoop/saf2026/17.jpg","//ecimg.cafe24img.com/pg1248b38284644098/koreasmartcoop/saf2026/17.jpg","//ecimg.cafe24img.com/pg1248b38284644098/koreasmartcoop/saf2026/17.jpg","","","","","","","","","","","","","","","","","","","","","","","","","","","","","","","","","","","","","","","",""
"","SAF2026-18","Y","Y","43","Y","Y","작품명 확인 중 - 이호철","","[18] 이호철","","","순수미술 | 확인 중 | 확인 중","이호철 작가의 그림에는 닫혀 있는 세계와 열려 있는 세계의 묘한 함수관계 같은 것이 암시되어 있다. 작가의 작품에 자주 등장 하는 서랍이나 틀의 이미지는 닫힘과 열림의 경계에 있는 하나의 문지방 역할을 하기도 하며, 백자 뿐 아니라 대접, 흔히 사발이라 부르는 다완은 담백하고 수더분한 자태를 지닌다. 두툼한 기벽 외면의 굵은 물레 자국의 빠른 움직임이 순식...","<div style=""font-family: 'Noto Sans KR', sans-serif; line-height: 1.8; color: #333;""><div style=""margin-bottom: 30px;""><h2 style=""font-size: 24px; margin-bottom: 10px;"">작품명 확인 중</h2><p style=""font-size: 18px; color: #666; margin-bottom: 5px;"">이호철</p><p style=""color: #888;"">확인 중 | 확인 중 | 확인 중</p></div><div style=""margin-bottom: 30px;""><h3 style=""font-size: 18px; border-bottom: 1px solid #ddd; padding-bottom: 10px; margin-bottom: 15px;"">작가 소개</h3><p style=""white-space: pre-line;"">이호철 작가의 그림에는 닫혀 있는 세계와 열려 있는 세계의 묘한 함수관계 같은 것이 암시되어 있다. 작가의 작품에 자주 등장 하는 서랍이나 틀의 이미지는 닫힘과 열림의 경계에 있는 하나의 문지방 역할을 하기도 하며, 백자 뿐 아니라 대접, 흔히 사발이라 부르는 다완은 담백하고 수더분한 자태를 지닌다. 두툼한 기벽 외면의 굵은 물레 자국의 빠른 움직임이 순식간에 휙 지나간 듯 도자기 외벽에 거칠게 나 있는 것을 그대로 그렸다. 물의 흐름처럼, 바람이 불어오는 것 처럼 도체 전면을 분장하여 자유로움을 표현하고 있는 이호철 작가의 달항아리 작품은 백토의 자연스러운 흔적을 상당히 정교하고 섬세하게 묘사해 내고 있다. 더 없는 회화적인 맛을 풍성하게 표현하고 있는 백토는 충분히 매력적인 붓질의 회화 작품으로 추상화처럼 느껴진다. 이호철 작가는 홍익대학교 서양화과를 거쳐 동대학교 대학원 서양화과를 졸업한 후 1990년 금호 미술관에서의 첫 개인전을 시작으로 노화랑, 표갤러리, 아라리오, 선화랑 등 다수의 개인전을 가졌으며, 국제 Impact Art Festival (일본, 경도(京都)), 제8회 JAALA (TOKYO, JAPAN), 한국현대회화 50년 조망전(서울 갤러리) 등 국내외 단체전에 150여회 참여하였다.</p></div></div>","A","","이호철,순수미술,씨앗페,SAF2026,미술,예술,작품","B","0","0","0","0","Y","가격 문의","","1","1","","","","N","N","","","","","","","","","품절","","","","","//ecimg.cafe24img.com/pg1248b38284644098/koreasmartcoop/saf2026/18.jpg","//ecimg.cafe24img.com/pg1248b38284644098/koreasmartcoop/saf2026/18.jpg","//ecimg.cafe24img.com/pg1248b38284644098/koreasmartcoop/saf2026/18.jpg","//ecimg.cafe24img.com/pg1248b38284644098/koreasmartcoop/saf2026/18.jpg","","","","","","","","","","","","","","","","","","","","","","","","","","","","","","","","","","","","","","","",""
"","SAF2026-19","Y","Y","43","Y","Y","작품명 확인 중 - 이호철","","[19] 이호철","","","순수미술 | 확인 중 | 확인 중","이호철 작가의 그림에는 닫혀 있는 세계와 열려 있는 세계의 묘한 함수관계 같은 것이 암시되어 있다. 작가의 작품에 자주 등장 하는 서랍이나 틀의 이미지는 닫힘과 열림의 경계에 있는 하나의 문지방 역할을 하기도 하며, 백자 뿐 아니라 대접, 흔히 사발이라 부르는 다완은 담백하고 수더분한 자태를 지닌다. 두툼한 기벽 외면의 굵은 물레 자국의 빠른 움직임이 순식...","<div style=""font-family: 'Noto Sans KR', sans-serif; line-height: 1.8; color: #333;""><div style=""margin-bottom: 30px;""><h2 style=""font-size: 24px; margin-bottom: 10px;"">작품명 확인 중</h2><p style=""font-size: 18px; color: #666; margin-bottom: 5px;"">이호철</p><p style=""color: #888;"">확인 중 | 확인 중 | 확인 중</p></div><div style=""margin-bottom: 30px;""><h3 style=""font-size: 18px; border-bottom: 1px solid #ddd; padding-bottom: 10px; margin-bottom: 15px;"">작가 소개</h3><p style=""white-space: pre-line;"">이호철 작가의 그림에는 닫혀 있는 세계와 열려 있는 세계의 묘한 함수관계 같은 것이 암시되어 있다. 작가의 작품에 자주 등장 하는 서랍이나 틀의 이미지는 닫힘과 열림의 경계에 있는 하나의 문지방 역할을 하기도 하며, 백자 뿐 아니라 대접, 흔히 사발이라 부르는 다완은 담백하고 수더분한 자태를 지닌다. 두툼한 기벽 외면의 굵은 물레 자국의 빠른 움직임이 순식간에 휙 지나간 듯 도자기 외벽에 거칠게 나 있는 것을 그대로 그렸다. 물의 흐름처럼, 바람이 불어오는 것 처럼 도체 전면을 분장하여 자유로움을 표현하고 있는 이호철 작가의 달항아리 작품은 백토의 자연스러운 흔적을 상당히 정교하고 섬세하게 묘사해 내고 있다. 더 없는 회화적인 맛을 풍성하게 표현하고 있는 백토는 충분히 매력적인 붓질의 회화 작품으로 추상화처럼 느껴진다. 이호철 작가는 홍익대학교 서양화과를 거쳐 동대학교 대학원 서양화과를 졸업한 후 1990년 금호 미술관에서의 첫 개인전을 시작으로 노화랑, 표갤러리, 아라리오, 선화랑 등 다수의 개인전을 가졌으며, 국제 Impact Art Festival (일본, 경도(京都)), 제8회 JAALA (TOKYO, JAPAN), 한국현대회화 50년 조망전(서울 갤러리) 등 국내외 단체전에 150여회 참여하였다.</p></div></div>","A","","이호철,순수미술,씨앗페,SAF2026,미술,예술,작품","B","0","0","0","0","Y","가격 문의","","1","1","","","","N","N","","","","","","","","","품절","","","","","//ecimg.cafe24img.com/pg1248b38284644098/koreasmartcoop/saf2026/19.jpg","//ecimg.cafe24img.com/pg1248b38284644098/koreasmartcoop/saf2026/19.jpg","//ecimg.cafe24img.com/pg1248b38284644098/koreasmartcoop/saf2026/19.jpg","//ecimg.cafe24img.com/pg1248b38284644098/koreasmartcoop/saf2026/19.jpg","","","","","","","","","","","","","","","","","","","","","","","","","","","","","","","","","","","","","","","",""
"","SAF2026-20","Y","Y","43","Y","Y","9408 SIM_Visibility - 심모비","","[20] 심모비","","","믹스드 미디어 | 믹스미디어 이후 아크릴 스틱 콜라주, 아크릴 채색 | 10F (45.5 x 53cm)","SIM_Moby는 천국과 지옥의 중간, 생/사 이전의 장소인 “연옥”을 표현한다.
“하나의 생명을 낳는 것은 하나의 죽음을 낳는 것과 같다.” 라는 작가의 어릴 적 반출생주의 깨달음으로부터, 생/사의 섭리가 작용하지 않는, 자유로운 대안 공간 “SIM_Purgatory : 연옥”을 탐색하고 정립한다.

‘현실 연계형 내세’ 라는 특성을 지닌 이상향적인 세계...","<div style=""font-family: 'Noto Sans KR', sans-serif; line-height: 1.8; color: #333;""><div style=""margin-bottom: 30px;""><h2 style=""font-size: 24px; margin-bottom: 10px;"">9408 SIM_Visibility</h2><p style=""font-size: 18px; color: #666; margin-bottom: 5px;"">심모비</p><p style=""color: #888;"">믹스미디어 이후 아크릴 스틱 콜라주, 아크릴 채색 | 10F (45.5 x 53cm) | 확인 중</p></div><div style=""margin-bottom: 30px;""><h3 style=""font-size: 18px; border-bottom: 1px solid #ddd; padding-bottom: 10px; margin-bottom: 15px;"">작품 설명</h3><p style=""white-space: pre-line;"">“하나의 생명을 낳는 것은 하나의 죽음을 낳는 것과 같다.”

생명은 결국 죽음을 맞이할 수밖에 없으며,
내 생명의 주체인 자신과, 나의 생명을 낳는 주체는
항상 다른 인물일 수밖에 없다.

자신이 낳지 않은 자신의 삶을 살아가야 하는 고됨,
죽음이 다가오는 불안. 그 사이에서 벌어지는 수많은 충돌과 좌절과 허무.

생과 사가 결정되기 이전의 장소인 연옥을 관찰하게 된 것은 어쩌면
필연적인 과정이었을지도 모른다.
삶과 죽음의 굴레에서 벗어나,
자유롭게 존재할 수 있는 대안 공간을 찾고 있던 나에게,
연옥이란 나의 먼 과거의 전생과 전생에서부터 이어져온,
내 곁에 항상 존재했던 곳이었음을.</p></div><div style=""margin-bottom: 30px;""><h3 style=""font-size: 18px; border-bottom: 1px solid #ddd; padding-bottom: 10px; margin-bottom: 15px;"">작가 소개</h3><p style=""white-space: pre-line;"">SIM_Moby는 천국과 지옥의 중간, 생/사 이전의 장소인 “연옥”을 표현한다.
“하나의 생명을 낳는 것은 하나의 죽음을 낳는 것과 같다.” 라는 작가의 어릴 적 반출생주의 깨달음으로부터, 생/사의 섭리가 작용하지 않는, 자유로운 대안 공간 “SIM_Purgatory : 연옥”을 탐색하고 정립한다.

‘현실 연계형 내세’ 라는 특성을 지닌 이상향적인 세계, SIM_Moby의 연옥은 현세의 개념들을 모티프로 차용하여 다양한 2D 풍경으로 그려지는데, 작가의 지난 삶의 경험과 동양적 정체성, 괴수적인 형태와 전생으로부터의 상상적 이미지들이 융합된 비물질적 공간이 된다. 이러한 연옥의 세계는 소멸이 없는 자유롭고 영원한 유토피아를 지향하며, 이 영속성을 위해 물리적 재료로부터 시작한 1차 작업 (스케치) 이후, 물리적 소멸이 없는 디지털에서의 2차 작업을 통해 기록된다.

물리적 재료로부터 시작해 디지털로 완성된 2D 이미지는 디스플레이를 통해 그대로 전달되기도 하고, 다양한 물리적 재료로 인쇄되어 현세에 소환되기도 한다. 물성을 갖게 된 연옥 세계는, 처음부터 유화나 아크릴로 채색한 작품인지, 아니면 디지털로 완성한 후에 인쇄된 것인지를 헷갈리게 하는 환영을 감상자에게 제공한다. 이러한 환영의 제공을 위해, 1차 작업 단계에서 지녔던 물성 재료의 질감을 디지털에서 여러 차례 독특하게 변환하는데, SIM_Moby는 이 변환의 방식을 ‘메가바이트의 침식 윤회’라 부르고 있다. 이 표현 방식은 디지털에서의 여러 차례의 침식과 부식을 통해 생기는 질감을 의미하며, 픽셀의 세계위에 독특한 밀도감을 자아내는 기술로 표현된다. 이러한 디지털 침식을 진행한 화면의 터치는 1990년대 VHS 화면이 갖는 노이즈의 질감을 전달하기도 한다. 이를 통해 연옥 작품은 2D 디지털 매체, JPG의 기록형식이 나타내야 하는 궁극적 미감을 추구하고 있다.

이러한 특성을 가진 2D 디지털 이미지는 다양한 물성 위에서 인쇄되었으나, 다시 해체(죽음)의 과정을 지나, 재결합되며 콜라주 방식으로 재탄생되기도 한다.
이미 침식윤회를 적용해 탄생된 고밀도의 2D 연옥 이미지들은 다양한 형태로 오려져, 각 조각들이 가톨릭에서 이야기하는 연옥 불꽃의 모습을 표현하게 된다. 천국에 들어서기 전, 생전의 죄악을 불태우는 정화의 불꽃 개념이 연옥 세계관에 존재하는데, 불꽃과도 같은 연옥 작품의 콜라주 조각들은 카오스적인 구성으로 서로 뒤섞이게 된다. 이 화면을 감상하는 현세의 감상자들은 현실의 가시감각으로는 온전히 인지할 수 없는 연옥의 불투명성을 감각하게 된다.
아크릴 스틱으로 마감된 작품들은 고밀도 콜라주 조각 부분과 접착제, 아크릴 스틱이 결합해 이루어내는 독특한 질감을 전달하며, 다시 한 번 침식윤회의 질감을 2D 디지털만이 아닌, 새로운 물성위에서 표현하게 된다.
이와 같은 다양한 과정과 작품을 통해, SIM_Moby의 작품은 탄생(스케치)과 죽음(디지털화), 다시 탄생(인쇄)과 죽음(콜라주)을 반복하며 연옥 세계관이 달성하려하는 ‘회화의 윤회’를 모색한다.</p></div></div>","A","","심모비,믹스드 미디어,씨앗페,SAF2026,미술,예술,작품","B","800000","800000","800000","800000","N","","","1","1","","","","N","N","","","","","","","","","품절","","","","","//ecimg.cafe24img.com/pg1248b38284644098/koreasmartcoop/saf2026/20.jpg","//ecimg.cafe24img.com/pg1248b38284644098/koreasmartcoop/saf2026/20.jpg","//ecimg.cafe24img.com/pg1248b38284644098/koreasmartcoop/saf2026/20.jpg","//ecimg.cafe24img.com/pg1248b38284644098/koreasmartcoop/saf2026/20.jpg","","","","","","","","","","","","","","","","","","","","","","","","","","","","","","","","","","","","","","","",""
"","SAF2026-21","Y","Y","43","Y","Y","9409 SIM_Visibility - 심모비","","[21] 심모비","","","믹스드 미디어 | 믹스미디어 이후 아크릴 스틱 콜라주, 아크릴 채색 | 10F (45.5 x 53cm)","SIM_Moby는 천국과 지옥의 중간, 생/사 이전의 장소인 “연옥”을 표현한다.
“하나의 생명을 낳는 것은 하나의 죽음을 낳는 것과 같다.” 라는 작가의 어릴 적 반출생주의 깨달음으로부터, 생/사의 섭리가 작용하지 않는, 자유로운 대안 공간 “SIM_Purgatory : 연옥”을 탐색하고 정립한다.

‘현실 연계형 내세’ 라는 특성을 지닌 이상향적인 세계...","<div style=""font-family: 'Noto Sans KR', sans-serif; line-height: 1.8; color: #333;""><div style=""margin-bottom: 30px;""><h2 style=""font-size: 24px; margin-bottom: 10px;"">9409 SIM_Visibility</h2><p style=""font-size: 18px; color: #666; margin-bottom: 5px;"">심모비</p><p style=""color: #888;"">믹스미디어 이후 아크릴 스틱 콜라주, 아크릴 채색 | 10F (45.5 x 53cm) | 확인 중</p></div><div style=""margin-bottom: 30px;""><h3 style=""font-size: 18px; border-bottom: 1px solid #ddd; padding-bottom: 10px; margin-bottom: 15px;"">작품 설명</h3><p style=""white-space: pre-line;"">“하나의 생명을 낳는 것은 하나의 죽음을 낳는 것과 같다.”

생명은 결국 죽음을 맞이할 수밖에 없으며,
내 생명의 주체인 자신과, 나의 생명을 낳는 주체는
항상 다른 인물일 수밖에 없다.

자신이 낳지 않은 자신의 삶을 살아가야 하는 고됨,
죽음이 다가오는 불안. 그 사이에서 벌어지는 수많은 충돌과 좌절과 허무.

생과 사가 결정되기 이전의 장소인 연옥을 관찰하게 된 것은 어쩌면
필연적인 과정이었을지도 모른다.
삶과 죽음의 굴레에서 벗어나,
자유롭게 존재할 수 있는 대안 공간을 찾고 있던 나에게,
연옥이란 나의 먼 과거의 전생과 전생에서부터 이어져온,
내 곁에 항상 존재했던 곳이었음을.</p></div><div style=""margin-bottom: 30px;""><h3 style=""font-size: 18px; border-bottom: 1px solid #ddd; padding-bottom: 10px; margin-bottom: 15px;"">작가 소개</h3><p style=""white-space: pre-line;"">SIM_Moby는 천국과 지옥의 중간, 생/사 이전의 장소인 “연옥”을 표현한다.
“하나의 생명을 낳는 것은 하나의 죽음을 낳는 것과 같다.” 라는 작가의 어릴 적 반출생주의 깨달음으로부터, 생/사의 섭리가 작용하지 않는, 자유로운 대안 공간 “SIM_Purgatory : 연옥”을 탐색하고 정립한다.

‘현실 연계형 내세’ 라는 특성을 지닌 이상향적인 세계, SIM_Moby의 연옥은 현세의 개념들을 모티프로 차용하여 다양한 2D 풍경으로 그려지는데, 작가의 지난 삶의 경험과 동양적 정체성, 괴수적인 형태와 전생으로부터의 상상적 이미지들이 융합된 비물질적 공간이 된다. 이러한 연옥의 세계는 소멸이 없는 자유롭고 영원한 유토피아를 지향하며, 이 영속성을 위해 물리적 재료로부터 시작한 1차 작업 (스케치) 이후, 물리적 소멸이 없는 디지털에서의 2차 작업을 통해 기록된다.

물리적 재료로부터 시작해 디지털로 완성된 2D 이미지는 디스플레이를 통해 그대로 전달되기도 하고, 다양한 물리적 재료로 인쇄되어 현세에 소환되기도 한다. 물성을 갖게 된 연옥 세계는, 처음부터 유화나 아크릴로 채색한 작품인지, 아니면 디지털로 완성한 후에 인쇄된 것인지를 헷갈리게 하는 환영을 감상자에게 제공한다. 이러한 환영의 제공을 위해, 1차 작업 단계에서 지녔던 물성 재료의 질감을 디지털에서 여러 차례 독특하게 변환하는데, SIM_Moby는 이 변환의 방식을 ‘메가바이트의 침식 윤회’라 부르고 있다. 이 표현 방식은 디지털에서의 여러 차례의 침식과 부식을 통해 생기는 질감을 의미하며, 픽셀의 세계위에 독특한 밀도감을 자아내는 기술로 표현된다. 이러한 디지털 침식을 진행한 화면의 터치는 1990년대 VHS 화면이 갖는 노이즈의 질감을 전달하기도 한다. 이를 통해 연옥 작품은 2D 디지털 매체, JPG의 기록형식이 나타내야 하는 궁극적 미감을 추구하고 있다.

이러한 특성을 가진 2D 디지털 이미지는 다양한 물성 위에서 인쇄되었으나, 다시 해체(죽음)의 과정을 지나, 재결합되며 콜라주 방식으로 재탄생되기도 한다.
이미 침식윤회를 적용해 탄생된 고밀도의 2D 연옥 이미지들은 다양한 형태로 오려져, 각 조각들이 가톨릭에서 이야기하는 연옥 불꽃의 모습을 표현하게 된다. 천국에 들어서기 전, 생전의 죄악을 불태우는 정화의 불꽃 개념이 연옥 세계관에 존재하는데, 불꽃과도 같은 연옥 작품의 콜라주 조각들은 카오스적인 구성으로 서로 뒤섞이게 된다. 이 화면을 감상하는 현세의 감상자들은 현실의 가시감각으로는 온전히 인지할 수 없는 연옥의 불투명성을 감각하게 된다.
아크릴 스틱으로 마감된 작품들은 고밀도 콜라주 조각 부분과 접착제, 아크릴 스틱이 결합해 이루어내는 독특한 질감을 전달하며, 다시 한 번 침식윤회의 질감을 2D 디지털만이 아닌, 새로운 물성위에서 표현하게 된다.
이와 같은 다양한 과정과 작품을 통해, SIM_Moby의 작품은 탄생(스케치)과 죽음(디지털화), 다시 탄생(인쇄)과 죽음(콜라주)을 반복하며 연옥 세계관이 달성하려하는 ‘회화의 윤회’를 모색한다.</p></div></div>","A","","심모비,믹스드 미디어,씨앗페,SAF2026,미술,예술,작품","B","800000","800000","800000","800000","N","","","1","1","","","","N","N","","","","","","","","","품절","","","","","//ecimg.cafe24img.com/pg1248b38284644098/koreasmartcoop/saf2026/21.jpg","//ecimg.cafe24img.com/pg1248b38284644098/koreasmartcoop/saf2026/21.jpg","//ecimg.cafe24img.com/pg1248b38284644098/koreasmartcoop/saf2026/21.jpg","//ecimg.cafe24img.com/pg1248b38284644098/koreasmartcoop/saf2026/21.jpg","","","","","","","","","","","","","","","","","","","","","","","","","","","","","","","","","","","","","","","",""
"","SAF2026-22","Y","Y","43","Y","Y","무제 - 신학철","","[22] 신학철","","","순수미술 | 확인 중 | 35.5x24cm","신학철(申鶴澈, 1943‒)은 민중미술 경향의 작가로 초기에는 실험미술에 참여하여 1970년대 초 한국아방가르드협회(AG)전을 통해 작품을 발표하기도 하였다. 그러나 1980년대부터 신군부 독재 체제를 비판하며 사회적 소통과 발언을 위한 미술의 역할에 대해 고민하였고 한국 근현대사의 주요 사건을 극사실주의 기법과 포토몽타주 기법을 이용하여 제작하였다.
‹묵...","<div style=""font-family: 'Noto Sans KR', sans-serif; line-height: 1.8; color: #333;""><div style=""margin-bottom: 30px;""><h2 style=""font-size: 24px; margin-bottom: 10px;"">무제</h2><p style=""font-size: 18px; color: #666; margin-bottom: 5px;"">신학철</p><p style=""color: #888;"">확인 중 | 35.5x24cm | 1997</p></div><div style=""margin-bottom: 30px;""><h3 style=""font-size: 18px; border-bottom: 1px solid #ddd; padding-bottom: 10px; margin-bottom: 15px;"">작가 소개</h3><p style=""white-space: pre-line;"">신학철(申鶴澈, 1943‒)은 민중미술 경향의 작가로 초기에는 실험미술에 참여하여 1970년대 초 한국아방가르드협회(AG)전을 통해 작품을 발표하기도 하였다. 그러나 1980년대부터 신군부 독재 체제를 비판하며 사회적 소통과 발언을 위한 미술의 역할에 대해 고민하였고 한국 근현대사의 주요 사건을 극사실주의 기법과 포토몽타주 기법을 이용하여 제작하였다.
‹묵시 802›는 신학철이 1970년대 후반부터 1980년대 초반에 집중했던 콜라주 기법으로 제작된 작품으로, 구두 모양의 얼굴을 한 샐러리맨들이 일제히 한 방향을 보고 있는 것을 통해 일방적인 정보의 흐름과 억압된 표현의 자유를 초현실적으로 풍자한다. 신학철의 작품에 등장하는 대상들은 주로 노동자, 중산층, 농민 등으로 다양한 계층의 인물들은 미화되지 않고 사실적으로 표현되어 구체적인 실체로서의 역사를 드러내고 있다.</p></div></div>","A","","신학철,순수미술,씨앗페,SAF2026,미술,예술,작품","B","3000000","3000000","3000000","3000000","N","","","1","1","","","","N","N","","","","","","","","","품절","","","","","//ecimg.cafe24img.com/pg1248b38284644098/koreasmartcoop/saf2026/22.jpg","//ecimg.cafe24img.com/pg1248b38284644098/koreasmartcoop/saf2026/22.jpg","//ecimg.cafe24img.com/pg1248b38284644098/koreasmartcoop/saf2026/22.jpg","//ecimg.cafe24img.com/pg1248b38284644098/koreasmartcoop/saf2026/22.jpg","","","","","","","","","","","","","","","","","","","","","","","","","","","","","","","","","","","","","","","",""
"","SAF2026-23","Y","Y","43","Y","Y","한국현대사-민주주의 만세(5.18) - 신학철","","[23] 신학철","","","순수미술 | 확인 중 | 77.8x53.6cm","신학철(申鶴澈, 1943‒)은 민중미술 경향의 작가로 초기에는 실험미술에 참여하여 1970년대 초 한국아방가르드협회(AG)전을 통해 작품을 발표하기도 하였다. 그러나 1980년대부터 신군부 독재 체제를 비판하며 사회적 소통과 발언을 위한 미술의 역할에 대해 고민하였고 한국 근현대사의 주요 사건을 극사실주의 기법과 포토몽타주 기법을 이용하여 제작하였다.
‹묵...","<div style=""font-family: 'Noto Sans KR', sans-serif; line-height: 1.8; color: #333;""><div style=""margin-bottom: 30px;""><h2 style=""font-size: 24px; margin-bottom: 10px;"">한국현대사-민주주의 만세(5.18)</h2><p style=""font-size: 18px; color: #666; margin-bottom: 5px;"">신학철</p><p style=""color: #888;"">확인 중 | 77.8x53.6cm | 2017</p></div><div style=""margin-bottom: 30px;""><h3 style=""font-size: 18px; border-bottom: 1px solid #ddd; padding-bottom: 10px; margin-bottom: 15px;"">작가 소개</h3><p style=""white-space: pre-line;"">신학철(申鶴澈, 1943‒)은 민중미술 경향의 작가로 초기에는 실험미술에 참여하여 1970년대 초 한국아방가르드협회(AG)전을 통해 작품을 발표하기도 하였다. 그러나 1980년대부터 신군부 독재 체제를 비판하며 사회적 소통과 발언을 위한 미술의 역할에 대해 고민하였고 한국 근현대사의 주요 사건을 극사실주의 기법과 포토몽타주 기법을 이용하여 제작하였다.
‹묵시 802›는 신학철이 1970년대 후반부터 1980년대 초반에 집중했던 콜라주 기법으로 제작된 작품으로, 구두 모양의 얼굴을 한 샐러리맨들이 일제히 한 방향을 보고 있는 것을 통해 일방적인 정보의 흐름과 억압된 표현의 자유를 초현실적으로 풍자한다. 신학철의 작품에 등장하는 대상들은 주로 노동자, 중산층, 농민 등으로 다양한 계층의 인물들은 미화되지 않고 사실적으로 표현되어 구체적인 실체로서의 역사를 드러내고 있다.</p></div></div>","A","","신학철,순수미술,씨앗페,SAF2026,미술,예술,작품","B","12000000","12000000","12000000","12000000","N","","","1","1","","","","N","N","","","","","","","","","품절","","","","","//ecimg.cafe24img.com/pg1248b38284644098/koreasmartcoop/saf2026/23.jpg","//ecimg.cafe24img.com/pg1248b38284644098/koreasmartcoop/saf2026/23.jpg","//ecimg.cafe24img.com/pg1248b38284644098/koreasmartcoop/saf2026/23.jpg","//ecimg.cafe24img.com/pg1248b38284644098/koreasmartcoop/saf2026/23.jpg","","","","","","","","","","","","","","","","","","","","","","","","","","","","","","","","","","","","","","","",""
"","SAF2026-24","Y","Y","43","Y","Y","한국현대사-유월항쟁도(1988) - 신학철","","[24] 신학철","","","판화 | 목판화 | 90x227cm","신학철(申鶴澈, 1943‒)은 민중미술 경향의 작가로 초기에는 실험미술에 참여하여 1970년대 초 한국아방가르드협회(AG)전을 통해 작품을 발표하기도 하였다. 그러나 1980년대부터 신군부 독재 체제를 비판하며 사회적 소통과 발언을 위한 미술의 역할에 대해 고민하였고 한국 근현대사의 주요 사건을 극사실주의 기법과 포토몽타주 기법을 이용하여 제작하였다.
‹묵...","<div style=""font-family: 'Noto Sans KR', sans-serif; line-height: 1.8; color: #333;""><div style=""margin-bottom: 30px;""><h2 style=""font-size: 24px; margin-bottom: 10px;"">한국현대사-유월항쟁도(1988)</h2><p style=""font-size: 18px; color: #666; margin-bottom: 5px;"">신학철</p><p style=""color: #888;"">목판화 | 90x227cm | 1988</p></div><div style=""margin-bottom: 30px;""><h3 style=""font-size: 18px; border-bottom: 1px solid #ddd; padding-bottom: 10px; margin-bottom: 15px;"">작가 소개</h3><p style=""white-space: pre-line;"">신학철(申鶴澈, 1943‒)은 민중미술 경향의 작가로 초기에는 실험미술에 참여하여 1970년대 초 한국아방가르드협회(AG)전을 통해 작품을 발표하기도 하였다. 그러나 1980년대부터 신군부 독재 체제를 비판하며 사회적 소통과 발언을 위한 미술의 역할에 대해 고민하였고 한국 근현대사의 주요 사건을 극사실주의 기법과 포토몽타주 기법을 이용하여 제작하였다.
‹묵시 802›는 신학철이 1970년대 후반부터 1980년대 초반에 집중했던 콜라주 기법으로 제작된 작품으로, 구두 모양의 얼굴을 한 샐러리맨들이 일제히 한 방향을 보고 있는 것을 통해 일방적인 정보의 흐름과 억압된 표현의 자유를 초현실적으로 풍자한다. 신학철의 작품에 등장하는 대상들은 주로 노동자, 중산층, 농민 등으로 다양한 계층의 인물들은 미화되지 않고 사실적으로 표현되어 구체적인 실체로서의 역사를 드러내고 있다.</p></div></div>","A","","신학철,판화,씨앗페,SAF2026,미술,예술,작품","B","25000000","25000000","25000000","25000000","N","","","1","1","","","","N","N","","","","","","","","","품절","","","","","//ecimg.cafe24img.com/pg1248b38284644098/koreasmartcoop/saf2026/24.jpg","//ecimg.cafe24img.com/pg1248b38284644098/koreasmartcoop/saf2026/24.jpg","//ecimg.cafe24img.com/pg1248b38284644098/koreasmartcoop/saf2026/24.jpg","//ecimg.cafe24img.com/pg1248b38284644098/koreasmartcoop/saf2026/24.jpg","","","","","","","","","","","","","","","","","","","","","","","","","","","","","","","","","","","","","","","",""
"","SAF2026-25","Y","Y","43","Y","Y","山 - 이익태","","[25] 이익태","","","한국화 | 한지, 먹 | 59x33cm","이익태는 한국의 다재다능한 '토탈 아티스트'로, 화가이자 영화감독, 연극 연출가, 퍼포먼스 아티스트였다. 그는 1947년생으로 2025년 12월 7일 78세의 나이로 사망했다.

초기 경력
서울예술대학 재학 중 1970년 한국 최초의 독립영화 「아침과 저녁 사이」를 연출·출연하며 전위예술계에 등장했다. 1970년대 '제4집단' 멤버로 방태수, 김구림 등과 ...","<div style=""font-family: 'Noto Sans KR', sans-serif; line-height: 1.8; color: #333;""><div style=""margin-bottom: 30px;""><h2 style=""font-size: 24px; margin-bottom: 10px;"">山</h2><p style=""font-size: 18px; color: #666; margin-bottom: 5px;"">이익태</p><p style=""color: #888;"">한지, 먹 | 59x33cm | 확인 중</p></div><div style=""margin-bottom: 30px;""><h3 style=""font-size: 18px; border-bottom: 1px solid #ddd; padding-bottom: 10px; margin-bottom: 15px;"">작가 소개</h3><p style=""white-space: pre-line;"">이익태는 한국의 다재다능한 '토탈 아티스트'로, 화가이자 영화감독, 연극 연출가, 퍼포먼스 아티스트였다. 그는 1947년생으로 2025년 12월 7일 78세의 나이로 사망했다.

초기 경력
서울예술대학 재학 중 1970년 한국 최초의 독립영화 「아침과 저녁 사이」를 연출·출연하며 전위예술계에 등장했다. 1970년대 '제4집단' 멤버로 방태수, 김구림 등과 활동하며 기성 예술에 도전했다.

미국 활동
1977년 화가의 꿈으로 미국으로 이주해 뉴욕과 LA에서 퍼포먼스 그룹 'Theater 1981'을 창단했다. 1992년 LA 폭동 후 「볼케이노 아일랜드」와 「허깅 엔젤스」로 재난 치유와 사회 화합을 표현했다.

귀국 후 작품
1999년 귀국 후 「빙벽」 시리즈로 분단 현실을 상징적으로 다뤘다. 노년기 「피에로」와 「아이쿠」 시리즈에서는 자연과 내면을 탐구하며 무위의 경지로 나아갔다.

예술 철학
동아일보 신춘문예 등단 시나리오 작가 출신으로, 예술을 삶의 번역으로 보았다. ""유명해지기보다 자신의 이야기를 하라""고 후배를 조언한 휴머니스트였다.</p></div></div>","A","","이익태,한국화,씨앗페,SAF2026,미술,예술,작품","B","0","0","0","0","Y","가격 문의","","1","1","","","","N","N","","","","","","","","","품절","","","","","//ecimg.cafe24img.com/pg1248b38284644098/koreasmartcoop/saf2026/25.jpg","//ecimg.cafe24img.com/pg1248b38284644098/koreasmartcoop/saf2026/25.jpg","//ecimg.cafe24img.com/pg1248b38284644098/koreasmartcoop/saf2026/25.jpg","//ecimg.cafe24img.com/pg1248b38284644098/koreasmartcoop/saf2026/25.jpg","","","","","","","","","","","","","","","","","","","","","","","","","","","","","","","","","","","","","","","",""
"","SAF2026-26","Y","Y","43","Y","Y","Beam Letter - 이익태","","[26] 이익태","","","한국화 | acrylic, 한지 | 확인 중","이익태는 한국의 다재다능한 '토탈 아티스트'로, 화가이자 영화감독, 연극 연출가, 퍼포먼스 아티스트였다. 그는 1947년생으로 2025년 12월 7일 78세의 나이로 사망했다.

초기 경력
서울예술대학 재학 중 1970년 한국 최초의 독립영화 「아침과 저녁 사이」를 연출·출연하며 전위예술계에 등장했다. 1970년대 '제4집단' 멤버로 방태수, 김구림 등과 ...","<div style=""font-family: 'Noto Sans KR', sans-serif; line-height: 1.8; color: #333;""><div style=""margin-bottom: 30px;""><h2 style=""font-size: 24px; margin-bottom: 10px;"">Beam Letter</h2><p style=""font-size: 18px; color: #666; margin-bottom: 5px;"">이익태</p><p style=""color: #888;"">acrylic, 한지 | 확인 중 | 2011</p></div><div style=""margin-bottom: 30px;""><h3 style=""font-size: 18px; border-bottom: 1px solid #ddd; padding-bottom: 10px; margin-bottom: 15px;"">작가 소개</h3><p style=""white-space: pre-line;"">이익태는 한국의 다재다능한 '토탈 아티스트'로, 화가이자 영화감독, 연극 연출가, 퍼포먼스 아티스트였다. 그는 1947년생으로 2025년 12월 7일 78세의 나이로 사망했다.

초기 경력
서울예술대학 재학 중 1970년 한국 최초의 독립영화 「아침과 저녁 사이」를 연출·출연하며 전위예술계에 등장했다. 1970년대 '제4집단' 멤버로 방태수, 김구림 등과 활동하며 기성 예술에 도전했다.

미국 활동
1977년 화가의 꿈으로 미국으로 이주해 뉴욕과 LA에서 퍼포먼스 그룹 'Theater 1981'을 창단했다. 1992년 LA 폭동 후 「볼케이노 아일랜드」와 「허깅 엔젤스」로 재난 치유와 사회 화합을 표현했다.

귀국 후 작품
1999년 귀국 후 「빙벽」 시리즈로 분단 현실을 상징적으로 다뤘다. 노년기 「피에로」와 「아이쿠」 시리즈에서는 자연과 내면을 탐구하며 무위의 경지로 나아갔다.

예술 철학
동아일보 신춘문예 등단 시나리오 작가 출신으로, 예술을 삶의 번역으로 보았다. ""유명해지기보다 자신의 이야기를 하라""고 후배를 조언한 휴머니스트였다.</p></div></div>","A","","이익태,한국화,씨앗페,SAF2026,미술,예술,작품","B","0","0","0","0","Y","가격 문의","","1","1","","","","N","N","","","","","","","","","품절","","","","","//ecimg.cafe24img.com/pg1248b38284644098/koreasmartcoop/saf2026/26.jpg","//ecimg.cafe24img.com/pg1248b38284644098/koreasmartcoop/saf2026/26.jpg","//ecimg.cafe24img.com/pg1248b38284644098/koreasmartcoop/saf2026/26.jpg","//ecimg.cafe24img.com/pg1248b38284644098/koreasmartcoop/saf2026/26.jpg","","","","","","","","","","","","","","","","","","","","","","","","","","","","","","","","","","","","","","","",""
"","SAF2026-27","Y","Y","43","Y","Y","작품명 확인 중 - 이익태","","[27] 이익태","","","순수미술 | 확인 중 | 확인 중","이익태는 한국의 다재다능한 '토탈 아티스트'로, 화가이자 영화감독, 연극 연출가, 퍼포먼스 아티스트였다. 그는 1947년생으로 2025년 12월 7일 78세의 나이로 사망했다.

초기 경력
서울예술대학 재학 중 1970년 한국 최초의 독립영화 「아침과 저녁 사이」를 연출·출연하며 전위예술계에 등장했다. 1970년대 '제4집단' 멤버로 방태수, 김구림 등과 ...","<div style=""font-family: 'Noto Sans KR', sans-serif; line-height: 1.8; color: #333;""><div style=""margin-bottom: 30px;""><h2 style=""font-size: 24px; margin-bottom: 10px;"">작품명 확인 중</h2><p style=""font-size: 18px; color: #666; margin-bottom: 5px;"">이익태</p><p style=""color: #888;"">확인 중 | 확인 중 | 2025</p></div><div style=""margin-bottom: 30px;""><h3 style=""font-size: 18px; border-bottom: 1px solid #ddd; padding-bottom: 10px; margin-bottom: 15px;"">작가 소개</h3><p style=""white-space: pre-line;"">이익태는 한국의 다재다능한 '토탈 아티스트'로, 화가이자 영화감독, 연극 연출가, 퍼포먼스 아티스트였다. 그는 1947년생으로 2025년 12월 7일 78세의 나이로 사망했다.

초기 경력
서울예술대학 재학 중 1970년 한국 최초의 독립영화 「아침과 저녁 사이」를 연출·출연하며 전위예술계에 등장했다. 1970년대 '제4집단' 멤버로 방태수, 김구림 등과 활동하며 기성 예술에 도전했다.

미국 활동
1977년 화가의 꿈으로 미국으로 이주해 뉴욕과 LA에서 퍼포먼스 그룹 'Theater 1981'을 창단했다. 1992년 LA 폭동 후 「볼케이노 아일랜드」와 「허깅 엔젤스」로 재난 치유와 사회 화합을 표현했다.

귀국 후 작품
1999년 귀국 후 「빙벽」 시리즈로 분단 현실을 상징적으로 다뤘다. 노년기 「피에로」와 「아이쿠」 시리즈에서는 자연과 내면을 탐구하며 무위의 경지로 나아갔다.

예술 철학
동아일보 신춘문예 등단 시나리오 작가 출신으로, 예술을 삶의 번역으로 보았다. ""유명해지기보다 자신의 이야기를 하라""고 후배를 조언한 휴머니스트였다.</p></div></div>","A","","이익태,순수미술,씨앗페,SAF2026,미술,예술,작품","B","0","0","0","0","Y","가격 문의","","1","1","","","","N","N","","","","","","","","","품절","","","","","//ecimg.cafe24img.com/pg1248b38284644098/koreasmartcoop/saf2026/27.jpg","//ecimg.cafe24img.com/pg1248b38284644098/koreasmartcoop/saf2026/27.jpg","//ecimg.cafe24img.com/pg1248b38284644098/koreasmartcoop/saf2026/27.jpg","//ecimg.cafe24img.com/pg1248b38284644098/koreasmartcoop/saf2026/27.jpg","","","","","","","","","","","","","","","","","","","","","","","","","","","","","","","","","","","","","","","",""
"","SAF2026-01","Y","Y","43","Y","Y","취도(鷲圖/The Eagle) - 신예리","","[1] 신예리","","","한국화 | 염색한지 위에 분채 | 111x65cm","","<div style=""font-family: 'Noto Sans KR', sans-serif; line-height: 1.8; color: #333;""><div style=""margin-bottom: 30px;""><h2 style=""font-size: 24px; margin-bottom: 10px;"">취도(鷲圖/The Eagle)</h2><p style=""font-size: 18px; color: #666; margin-bottom: 5px;"">신예리</p><p style=""color: #888;"">염색한지 위에 분채 | 111x65cm | 2025</p></div><div style=""margin-bottom: 30px;""><h3 style=""font-size: 18px; border-bottom: 1px solid #ddd; padding-bottom: 10px; margin-bottom: 15px;"">작가 이력</h3><p style=""white-space: pre-line; font-size: 14px;"">담몽(淡夢) 신예리
경원대학교(현 가천대) 섬유미술과 졸업 (2003)
경기무형문화재 화각장 한춘섭화각공예 수석디자이너로 10년 재직
현(現) 민화공예공방 ‘담몽’ 대표
대한민국 국가미술특별초대전 초대작가
SNAF성남아트페어 작가전
목원회 단체전 등 참여</p></div></div>","A","","신예리,한국화,씨앗페,SAF2026,미술,예술,작품","B","5000000","5000000","5000000","5000000","N","","","1","1","","","","N","N","","","","","","","","","품절","","","","","//ecimg.cafe24img.com/pg1248b38284644098/koreasmartcoop/saf2026/1.jpeg","//ecimg.cafe24img.com/pg1248b38284644098/koreasmartcoop/saf2026/1.jpeg","//ecimg.cafe24img.com/pg1248b38284644098/koreasmartcoop/saf2026/1.jpeg","//ecimg.cafe24img.com/pg1248b38284644098/koreasmartcoop/saf2026/1.jpeg","","","","","","","","","","","","","","","","","","","","","","","","","","","","","","","","","","","","","","","",""
"","SAF2026-28","Y","Y","43","Y","Y","귀찮아 - 주재환","","[28] 주재환","","","순수미술 | 집게. 크레용. 종이 | 확인 중","주재환은 1940년 서울에서 태어났다. 중학교 시절, 반 고흐(Van Gogh)에 반해 미술가로써 꿈을 키웠다. 1960년 홍익대학교 미술대학에 입학했다가 한학기만에 중퇴했다. 학교 등록금으로 더 많은 재료를 구해 작업하고자 하는 의지가 그 이유였다. 주재환은 이후 20년간 미술과 아무 상관 없는 다양한 직종을 전전하며 생계를 위한 시절을 보냈다. 20대에...","<div style=""font-family: 'Noto Sans KR', sans-serif; line-height: 1.8; color: #333;""><div style=""margin-bottom: 30px;""><h2 style=""font-size: 24px; margin-bottom: 10px;"">귀찮아</h2><p style=""font-size: 18px; color: #666; margin-bottom: 5px;"">주재환</p><p style=""color: #888;"">집게. 크레용. 종이 | 확인 중 | 확인 중</p><p style=""color: #888;"">에디션: 에디션 6/20</p></div><div style=""margin-bottom: 30px;""><h3 style=""font-size: 18px; border-bottom: 1px solid #ddd; padding-bottom: 10px; margin-bottom: 15px;"">작가 소개</h3><p style=""white-space: pre-line;"">주재환은 1940년 서울에서 태어났다. 중학교 시절, 반 고흐(Van Gogh)에 반해 미술가로써 꿈을 키웠다. 1960년 홍익대학교 미술대학에 입학했다가 한학기만에 중퇴했다. 학교 등록금으로 더 많은 재료를 구해 작업하고자 하는 의지가 그 이유였다. 주재환은 이후 20년간 미술과 아무 상관 없는 다양한 직종을 전전하며 생계를 위한 시절을 보냈다. 20대에는 피아노 외판원, 창경궁 아이스크림 장사꾼, 파출소 방범대원 등으로 일했다. 30대에 들어 민속학자 심우성을 도와 잡지사, 출판사 일을 시작했다. 독서생활, 삼성출판사, 미술과 생활, 출판문화연구소, 미진사를 거쳤다. 그는 이 과정을 통해 한국의 사회 현실을 몸으로 익힐 수 있었다. 덧붙여, 수더분하면서도 재치 있는 표정과 태도, 남을 널리 포용할 줄 아는 도량 역시 선물로 얻었다.

주재환은 작가 활동을 하지 않는 기간에도 문화예술계 인사들과 어울림을 멈추지 않았다. 대학로 학림다방, 르네상스, 명동 은성, 송석 등 다방과 술집이 주로 모이는 장소였다. 대학교 선후배부터 미술평론가 이일, 시인 김수영 등을 만날 수 있었다. 이 영향으로 창작욕이 생겨 1970년대 초반에는 김인환이 하던 광화문 술집 쪽샘에서 작은 개인전을 열기도 했다.

주재환은 1979년 '현실과 발언'의 결성 과정과 1980년 '현실과 발언' 창립전 출품을 계기로 미술계라 불리는 곳에 첫걸음을 내디뎠다. 이 시기 그의 작품은 주로 당시 역사적, 정치적 주제와 깊게 연관되어 있었다. 당시 그린 <몬드리안 호텔>(1980)과 <계단을 내려오는 봄비>(1980)는 지금껏 대표작으로 회자된다. '현실과 발언' 이후 주재환의 사회적 삶은 진보적 지식인, 작가, 활동가 등에 걸친 복잡한 것이었다. 쉽지 않았던 86년의 장준하 선생 새긴돌 건립일이나 90년의 4.19혁명 30주기 기념행사 준비 등이 그 예다. 이런 류의 재야쪽 공공적 일에 그는 많은 애정과 시간을 쏟았다.

주재환은 1990년대 들어 역사, 정치가 아닌 자본 구조에 대한 비판을 주제로 하는 작품을 발표한다. 이 무렵은 80년대적 민주화 운동의 가투식 분위기가 어느 정도 진정되고 사회 전반의 분위기가 많이 바뀌고 있던 때였다. 해외에서는 베를린 장벽이 무너졌고 국내에선 김영삼 대통령이 정권을 잡았다. 그의 90년대 작품은 변화한 사회를 80년대 작품과 다른 시각으로 포착, 비판한 것이다. <미제점 송가>, <짜장면 배달>, <쇼핑맨> 등이 90년대 대표작이다.

주재환은 2000년대에 들어서 그 어느 때보다 활발한 활동을 보여주고 있다. 그는 젊은이들이 그의 다양한 작업 방식에서 느끼는 해방감이 기회를 만들어주는 것 같다고 말한다. 2001년 아트선재센터 개인전 '이 유쾌한 씨를 보라', 2007 대안공간 사루비아 다방 개인전, 2003 제 50회 베니스비엔날레 특별전 등에서 작품을 선보였으며 2001년 제 10회 민족예술인상, 2002년 유네스코 프라이즈 특별상을 받았다.</p></div><div style=""margin-bottom: 30px;""><h3 style=""font-size: 18px; border-bottom: 1px solid #ddd; padding-bottom: 10px; margin-bottom: 15px;"">작가 이력</h3><p style=""white-space: pre-line; font-size: 14px;"">1940     서울 출생
1960     홍익대학교미술대학 서양화과 수학

개인전
2016     주재환:어둠속의 변신,학고재, 서울
2015     이매망량(魑魅魍魎), 트렁크갤러리, 서울
2013     더 오드 쇼-장고 주재환, 대안예술공간이포, 서울
2012     관훈갤러리, 서울
2011     현기증(眩氣症), 트렁크갤러리, 서울
2009     갤러리소소, 파주
2007     CCTV작동 중, 프로젝트 스페이스 사루비아다방, 서울
2002     이 유쾌한 씨를 보라, 세종갤러리, 제주
2001     예술마당 솔, 대구
2000-01  주재환: 이 유쾌한 씨를 보라, 아트선재센터, 서울

단체전
2018     4·3 70주년 동아시아 평화·인권展 침묵에서 외침으로, 4·3평화기념관, 제주
2017     문화본일률 : 文畵本一律, 경주솔거미술관, 경주
2017 풀이 선다, 아트 스페이스 풀, 서울
망각에 부치는 노래, 서울시립남서울미술관, 서울
2016     타이틀매치 주재환 vs 김동규, 서울시립미술관, 서울
2015     쓰리스타쑈, 인디프레스, 서울
4. 16세월호 참사 1주기 추모전, 망각에 저항하기, 안산문화예술의 전당, 안산
제22회 4∙3미술제, 얼음의 투명한 눈물, 제주도립미술관, 제주
아시아 그리고 쌀, 전라북도예술회관, 전주
시민과 함께하는 광복 70년 위대한 흐름, 소란스러운, 뜨거운, 넘치는, 국립현대미술관, 서울
용한 점집, 자하미술관, 서울
정글 슈즈, 킴킴갤러리, 라 스위스,낭트, 프랑스
정글 슈즈, 킴킴갤러리, 벨 아미 컨셉 스토어,낭트,프랑스
풀이 선다, 아트 스페이스 풀, 서울
2014-15  내용증명-당신의 삶을 증명하라, 대안예술공간이포, 서울
2014     SeMA 비엔날레, 미디어시티서울 2014, 귀신 간첩 할머니, 서울시립미술관; 한국영상자료원, 서울
오래된 명령과 새로운 수행, 철학아카데미, 서울
원스 이스 낫 이너프, 시청각, 서울
인도네시아-한국작가 기획전: 로우 스트림,  제주현대미술관, 제주
2013     두 섬의 확정, 인도네시아 국립미술관, 자카르타; 토니라카 아트 갤러리, 발리, 인도네시아
밤그늘, 샤머니즘박물관, 서울
레지던시나우, 송원아트센터, 서울
헤이리 슬로우 아트, 달리는 세상, 걷는 예술, 쉬는 마을, 논밭예술학교, 파주
2012     20+ 미술을 만나다, 고양시 승격 20주년 기념 고양작가 20인 초대전, 아람미술관, 고양아람누리, 고양
겸손한 미술씨, 복합문화공간 에무, 서울
경기창작센터 레지던시, 경기창작센터, 안산
2011     시화일률, 가나아트센터, 서울
제23회 조국의 산하, 세종문화회관 광화랑, 서울
데페이즈망 벌어지는 도시, 아르코미술관, 서울
2010     현실과 발언 30년: 사회적 현실과 미술적 현실, 인사아트센터, 서울
사-이에서, 원앤제이 갤러리, 서울
경기도의 힘, 경기도미술관, 안산
노란선을 넘어서, 경향갤러리, 서울
언어놀이, 성곡미술관, 서울
트릭스터가 세상을 만든다, 백남준아트센터, 용인
2009     서울역사박물관 특별기획전시–광화문 연가(年歌): 시계를 되돌리다, 서울역사박물관, 서울
블루닷 아시아 2009, 한가람미술관, 예술의전당, 서울
대학로 100번지, 아르코미술관, 서울
2008     고(故) 김수영 시인 40주기 추모전시-전향기(轉向記), 아트스페이스 풀, 서울
고우영 만화: 네버 엔딩 스토리, 아르코미술관, 서울
팝아툰-타임 캡슐을 열다, 한국만화박물관, 부천
세상이 앉았던 자리, 국민아트갤러리, 서울
워킹 매거진 웍스, 가 갤러리, 서울
2007-08  민중의 고동-한국미술의 리얼리즘 1945-2005, 니가타현립 반다이지마 미술관, 니가타;
후쿠오카 아시안미술관, 후쿠오카; 후츄시 미술관, 도쿄; 오오타니 기념미술관, 니쉬노미야;
미야코노죠 시립미술관, 미야자키, 일본
2007     한국현대시 100년기념-한국현대시인 500인과 미술인 500인의 시와 그림, 세종문화회관, 서울
손장섭∙주재환, 갤러리 눈 창덕궁점, 서울
확-갤러리 눈 창덕궁점 개관, 갤러리 눈 창덕궁점, 서울
상상충전-현대미술을 이야기하는 여섯 개의 상상, 경기도미술관, 안산
2006     잘긋기, 드로운 투 드로잉-소마드로잉센터 개관, 소마미술관, 서울
제9회 황해미술제, 궁민고육현장전, 인천종합문화예술회관, 인천
썸웨어 인 타임, 아트선재센터, 서울
책의 기억, 헤이리 북하우스 갤러리, 파주
2005     광복60년 기념-시련과 전진, 대한민국 국회 중앙광장, 서울
더 배틀 오브 비젼, 쿤스트할레 담슈타트, 담슈타트, 독일
불일치: 한국현대미술, 세인트로렌스 대학교 리처드 에프 브러시 아트 갤러리,캔톤, 미국
2004     평화선언 2004-세계 100인 미술가, 국립현대미술관과천관, 과천
일상의 연금술, 국립현대미술관 과천관, 과천
당신은 나의 태양: 한국현대미술 1960-2004, 토탈미술관, 서울
2003     제50회 베니스 비엔날레–아르세날레, Z.O.U.-Zone of Urgency, 베니스, 이탈리아
미술 속의 만화, 만화 속의 미술, 이화여자대학교 박물관, 서울
조국의 산하-반전·평화, 관훈 갤러리; 아트 스페이스 풀, 서울
웰컴 투 쎄울-서울민족미술인협회 기획 2003, 조국의 산하 2부, 광화문 갤러리, 세종문화회관, 서울
넌, 어디서, 사니?-제1회 신도시, MBC 장항동 방송부지, 고양
2002     제4회 광주비엔날레-멈_춤, P_A_U_S_E, _上_, 광주비엔날레 전시관, 광주
2001     바람바람바람-제13회 조국의 산하, 세종 미술관별관, 세종문화회관, 서울
다음 세대, 아시아 현대미술, 빠싸주 드 레, 파리
2000     부산국제아트페스티벌-고도를 떠나며, 부산시립미술관, 부산
주재환·고승욱의 퍼블릭 비디오, 아트 스페이스 풀, 서울
1999     Korea+JAALA-동북아와 제3세계미술, 서울시립미술관 600년기념관, 서울
1998     98 도시와 영상-의식주(衣食住), 서울시립미술관 600년기념관, 서울
1996     그림으로 읽는 한국 명시, 한국의 대표 시인 주제 미술, 학고재, 서울
1995     해방 50년 역사미술, 한가람미술관, 예술의 전당, 서울
1994     동학농민혁명1백주년기념–새야 새야 파랑새야, 한가람미술관, 예술의 전당,서울
1988     밀라노 트리엔날레, 목각단청 ‘수선전도’ 출품, 세계의 대도시 서울관, 밀라노
1987     반고문, 그림마당 민, 서울
1980-88  현실과 발언동인, 동산방화랑, 서울 외 다수 프로젝트

수상
2002     유네스코 프라이즈 특별상, 2002 광주비엔날레, 광주
2001     제10회 민족예술인상, 한국민족예술인 총연합회

출판물
2001          이 유쾌한 씨를 보라
1980-2000 미술문화

소장
국립현대미술관, 과천
미술은행, 과천
서울시립미술관, 서울
백남준 아트센터, 용인</p></div></div>","A","","주재환,순수미술,씨앗페,SAF2026,미술,예술,작품","B","2000000","2000000","2000000","2000000","N","","","1","1","","","","N","N","","","","","","","","","품절","","","","","//ecimg.cafe24img.com/pg1248b38284644098/koreasmartcoop/saf2026/28.jpg","//ecimg.cafe24img.com/pg1248b38284644098/koreasmartcoop/saf2026/28.jpg","//ecimg.cafe24img.com/pg1248b38284644098/koreasmartcoop/saf2026/28.jpg","//ecimg.cafe24img.com/pg1248b38284644098/koreasmartcoop/saf2026/28.jpg","","","","","","","","","","","","","","","","","","","","","","","","","","","","","","","","","","","","","","","",""
"","SAF2026-29","Y","Y","43","Y","Y","두상연구 - 가르마가 있는 두상1 - 김종환","","[29] 김종환","","","믹스드 미디어 | Mixed media | 81.3x88.6cm","대학에서 판화를 전공하였으며 현재 판화공방 <판화방>을 운영 중이다. 현재 한국현대판화가협회, 홍익판화가협회 회원으로 활동하고 있으며, 그린 책으로는 《반쪽이》, 《도깨비 씨름 잔치》, 《홍길동》, 《한비자》, 《+-*/마술쇼》, 《한양에 담긴 조선의 꿈》, 《황금용과 무지개》 등이 있고, 월간지의 각종 삽화도 그렸다....","<div style=""font-family: 'Noto Sans KR', sans-serif; line-height: 1.8; color: #333;""><div style=""margin-bottom: 30px;""><h2 style=""font-size: 24px; margin-bottom: 10px;"">두상연구 - 가르마가 있는 두상1</h2><p style=""font-size: 18px; color: #666; margin-bottom: 5px;"">김종환</p><p style=""color: #888;"">Mixed media | 81.3x88.6cm | 2024</p></div><div style=""margin-bottom: 30px;""><h3 style=""font-size: 18px; border-bottom: 1px solid #ddd; padding-bottom: 10px; margin-bottom: 15px;"">작품 설명</h3><p style=""white-space: pre-line;"">statement

익숙한, 또는 익숙하지 않은......
형체를 끝까지 남김으로서 그 존재파악에 조금 더 도움을 주고자 친절한 그리기를 행하였다.
익숙한 형체에 대한 불만족은 점점 커갔고 이것이 화면에서 그대로 재현될 때 굉장히 조잡하게 느껴지거나
불편해 보이기까지 했다. 그때는 그러했지만 지금은 그렇지가 않아서일까.......
한번 썼던 물건들을 그냥 쉽게 버린 적이 없다. 고장난 프린터기를 뜯어보니 꽤 괜찮은 부품들이 나왔다.
몇 개의 모터와 톱니들, 쇠막대들, 이상한 부품들, 쓰다 남은 못들, 쓰다 남은 볼펜들, 이제는 옛것이 되어버린
cd들, 아이들의 책상 다리, 등....... 그 안에서 각각의 기능이 있었던 부속들은 다시 재조합되고 전혀 새로운
기능으로 결과물을 생산하거나 그 밑그림이 되어 다시 판화라는 다소 클래식하면서 노동집약적인 이미지들로 재탄생된다.
작품제작에 사용되는 도구들은 새로운 재료로 만들었다기보다는 이미 만들어진 것들의 집합체이다.
도구는 내가 모든 것을 제어하여 작업을 하기 보다는 예상치 않은 이미지들과 제어하기 어려운 움직임들을 만들어낸다.
이런 식의 약간은 복잡하고, 어이없는 과정에 집중하는 것은 예전 작업에서 보여주려 했던 형채(形彩)에 대한 불만에서
시작되었다고 볼 수 있다.
강해지기 위해 더욱 많은 것을 치장하고 위장할 수밖에 없는 현실의 부조리처럼 본인이 생소하다고 느껴지는 이미지로
무장하여 나를 가두는 행위를 반복하였다. 그 틀에서 벗어나고 싶었고 이제는 좀 더 불친절한 구체적이지 않은 형상으로
화면에서나마 자유로워지고 싶었다.
현재 본인이 쓰고 있는 도구들의 공통점은 multiple이다. 이는 도구의 표현 방식과 판화의 에디션 개념에 대한 공통된 의미이다.
또한 재활용의 의미도 담고 있다. 이런 익숙하면서도 익숙하지 않은 도구들은 내게 익숙한 판화라는 방식, 드로잉으로 얼굴이라는
다소 익숙한 이미지로 탄생되어 지지만 그 이미지 조차도 익숙하지 않다. 실험적인 이미지, 방법이라는 의미에서 작품의 부제앞에
두상연구라는 단어를 붙이는 것이다.
수년동안 얼굴을 주제로 그리기도 하고 자르기도 하고 찍기도 하였다. 정지된 장면으로 보여지기 보다는 관객에게 무언가를 흔들고
싶어하는 흐름의 시도였다. 그것은 감정일 것이고 더 나아가 공감일 것이다.
익숙하지 않거나 익숙한 것에서 파생되는 생소함이 본인의 작업을 처음 봤을 때는 의문으로 다가오지만 이내 감정의 변화가 생기는
일종의 ‘감정 전이(轉移)’를 추구한다. 이런 의도를 극대화하기 위해 얼굴(두상)이미지로 표현한다.
얼굴에서 흐르는 에너지는 사방에 존재하는 기운에 영향 받아 시각적 교류를 통해 다시금 관람자에게 전달된다.
고무판(리놀륨판)을 파고 즉흥적으로 판을 자르고 그 위에 잉크를 올리고 찍는 행위는 이전의 판화과정과 흡사하지만 판화에서의
에디션 개념을 버리고 한장만 취하는 형식(monotype)으로 제작한다. 얼굴(두상)이라는 큰 틀에서 다양한 모양과 크기의 판(Layer)에
롤러를 이용해 색을 올리고 찍는다.
기억과 역사는 진실과 거짓으로 뒤섞여 있다. 기억을 상징하는 조각들은 어떻게 배치되느냐에 따라 결과물이 달라진다. 같은 일을
경험하더라도 사람들마다 기억되어지는 것이 다르고 기억하고 싶은 부분이 자신에게 유리하거나 이기적인 근본에서 시작된다는 것을
작품으로 표현하고 있다. 진실한 기억을 상기하고 성찰하는 자세로 살아가고 싶다. 기억을 떠올리기 위해 하나하나 그 기억을 떠올릴
때 그 조각들이 재배치되고 그 기억으로 인해 다른 기억이 떠올려진다.
잘한 일 보다는 잘못하거나 가슴 아픈 기억들이 생각난다.
상기하고 반성하고 앞으로 잘 살아가기 위해 오늘도 노력한다.</p></div><div style=""margin-bottom: 30px;""><h3 style=""font-size: 18px; border-bottom: 1px solid #ddd; padding-bottom: 10px; margin-bottom: 15px;"">작가 소개</h3><p style=""white-space: pre-line;"">대학에서 판화를 전공하였으며 현재 판화공방 <판화방>을 운영 중이다. 현재 한국현대판화가협회, 홍익판화가협회 회원으로 활동하고 있으며, 그린 책으로는 《반쪽이》, 《도깨비 씨름 잔치》, 《홍길동》, 《한비자》, 《+-*/마술쇼》, 《한양에 담긴 조선의 꿈》, 《황금용과 무지개》 등이 있고, 월간지의 각종 삽화도 그렸다.</p></div><div style=""margin-bottom: 30px;""><h3 style=""font-size: 18px; border-bottom: 1px solid #ddd; padding-bottom: 10px; margin-bottom: 15px;"">작가 이력</h3><p style=""white-space: pre-line; font-size: 14px;"">현 판화공방 '판화방' 대표/ 한국현대판화가협회회원 / 홍익판화가협회회원
전 계원예대, 계원예술학교 출강

개인전
2018 세번째 개인전 '옳고 그른'전 (문 프래그먼트 갤러리, 서울)
2006 ‘변신 에피소드’전, 선정 기획(대안공간 루프, 서울)
2004  첫 판화 개인전‘왕의 추억’, 초대 기획(청담 맥갤러리, 서울)
2003  김종환 판화집 발간
전공서 출간 2017 더디퍼런스 - 매일판화 처음이어도 괜찮아
단체기획전
2023 홍익판화가전 (토탈미술관, 서울)
2023 오(五) 와 열(熱) 선물전 (갤러리 내맘대로, 수원)
2022 한국현대판화가협회전 '메타프린트2022' (홍익대학교현대미술관, 서울)
2021 한국현대판화가협회전 '포스트프린트2021' (김희수아트센터아트갤러리, 서울)
2020 원주문화재단10주년 ‘원주미술의 격과 확장성’ 신진작가 5인 초대전(원주치악예술관, 원주)
판화를 이야기하다 (가온갤러리, 인천)
2019 한국현대판화가협회전 (동덕아트갤러리, 서울)
2018 대림창고 14번째 기획전 'Ctrl V' 판화5인전 (대림창고갤러리, 서울) /
한국현대판화가협회전 (동덕아트갤러리, 서울)
한국현대판화60년-판화하다 (경기도미술관, 안산)
2017 한국현대판화가협회전 (홍익대학교 현대미술관, 서울)
DMZ페스티벌 (철원, 인제 일대)
2008 서교난장 (KT&G 상상마당, 서울)
2007 서울 미술대전-판화 (서울시립미술관, 서울)
2006  석사청구 '증후군'전 (홍익대학교 현대미술관, 서울)
현대판화가협회기획  ‘프린트 스펙트럼’전 (갤러리 선, 서울)
AFI 2006 프로그램 '대안적 미술시장을 위한 모색' (대안공간 루프, 서울)
한중판화교류전 (홍익대학교 현대미술관, 서울/ 노신대학교, 중국)
광주 비엔날레 열린 아트마켓 (광주시립민속박물관, 광주)
단원 수상작가 초청전 (안산 단원 미술관)
현대판화가협회기획 ‘현대사회를 찍다’전 (국민대학교 미술관, 서울)
2005  한중판화교류전 (노신대학교, 중국 심양)
찾아가는 미술관 (강원 화천 토마토 축제)
한국 현대판화 스웨덴전 (스웨덴, 인플란 미술관)
10주년 나우리 기획전‘[end]=[and]' (서울 갤러리 올, 강원 원주 문화원)
한일문화교류전 ‘쓰고레미기’ (삼성동 코엑스 태평양홀4관, 서울)
홍익 판화가 협회전 (관훈 갤러리, 서울)
삼청 미술제 (갤러리 도올, 서울)
우수 청년 작가전 (갤러리 가이아, 서울)
인사동 사람들 ‘이상과 현실’전 (하나로 갤러리, 서울)
'Space of Repetition' (갤러리 숲,3인전, 서울)
HOPE 한일 교류전 (일본 한국 대사관 한국 문화원, 서울)
‘닭의 꿈’기획 선정 작가전 (씽크씽크 어린이 미술관, 서울)
2004 ‘No frame'전 (아트 스페이스 휴, 서울)
2003 마사회+농림부 후원 ‘행복한 식탁’전 (인사아트센타, 2인전, 서울)

워크샵
2024 EBS 협찬 행사 - 실크스크린 워크샵 3회 진행

수상
2005 단원 미술대전 판화부문 ‘최우수상’ (안산 단원 미술관)
행주 미술대전 판화부문 ‘우수상’ (고양시 일산 호수공원)
2004 한국 현대판화 공모전 ‘이상욱상’ (한전 프라자, 서울)
작품소장
대림창고갤러리
아트스페이스 휴
안산외국인산업지원센타</p></div></div>","A","","김종환,믹스드 미디어,씨앗페,SAF2026,미술,예술,작품","B","5000000","5000000","5000000","5000000","N","","","1","1","","","","N","N","","","","","","","","","품절","","","","","//ecimg.cafe24img.com/pg1248b38284644098/koreasmartcoop/saf2026/29.jpeg","//ecimg.cafe24img.com/pg1248b38284644098/koreasmartcoop/saf2026/29.jpeg","//ecimg.cafe24img.com/pg1248b38284644098/koreasmartcoop/saf2026/29.jpeg","//ecimg.cafe24img.com/pg1248b38284644098/koreasmartcoop/saf2026/29.jpeg","","","","","","","","","","","","","","","","","","","","","","","","","","","","","","","","","","","","","","","",""
"","SAF2026-30","Y","Y","43","Y","Y","두상연구 - 김종환","","[30] 김종환","","","판화 | Etching, Drypoint | 108x78cm","대학에서 판화를 전공하였으며 현재 판화공방 <판화방>을 운영 중이다. 현재 한국현대판화가협회, 홍익판화가협회 회원으로 활동하고 있으며, 그린 책으로는 《반쪽이》, 《도깨비 씨름 잔치》, 《홍길동》, 《한비자》, 《+-*/마술쇼》, 《한양에 담긴 조선의 꿈》, 《황금용과 무지개》 등이 있고, 월간지의 각종 삽화도 그렸다....","<div style=""font-family: 'Noto Sans KR', sans-serif; line-height: 1.8; color: #333;""><div style=""margin-bottom: 30px;""><h2 style=""font-size: 24px; margin-bottom: 10px;"">두상연구</h2><p style=""font-size: 18px; color: #666; margin-bottom: 5px;"">김종환</p><p style=""color: #888;"">Etching, Drypoint | 108x78cm | 2018</p></div><div style=""margin-bottom: 30px;""><h3 style=""font-size: 18px; border-bottom: 1px solid #ddd; padding-bottom: 10px; margin-bottom: 15px;"">작품 설명</h3><p style=""white-space: pre-line;"">statement

익숙한, 또는 익숙하지 않은......
형체를 끝까지 남김으로서 그 존재파악에 조금 더 도움을 주고자 친절한 그리기를 행하였다.
익숙한 형체에 대한 불만족은 점점 커갔고 이것이 화면에서 그대로 재현될 때 굉장히 조잡하게 느껴지거나
불편해 보이기까지 했다. 그때는 그러했지만 지금은 그렇지가 않아서일까.......
한번 썼던 물건들을 그냥 쉽게 버린 적이 없다. 고장난 프린터기를 뜯어보니 꽤 괜찮은 부품들이 나왔다.
몇 개의 모터와 톱니들, 쇠막대들, 이상한 부품들, 쓰다 남은 못들, 쓰다 남은 볼펜들, 이제는 옛것이 되어버린
cd들, 아이들의 책상 다리, 등....... 그 안에서 각각의 기능이 있었던 부속들은 다시 재조합되고 전혀 새로운
기능으로 결과물을 생산하거나 그 밑그림이 되어 다시 판화라는 다소 클래식하면서 노동집약적인 이미지들로 재탄생된다.
작품제작에 사용되는 도구들은 새로운 재료로 만들었다기보다는 이미 만들어진 것들의 집합체이다.
도구는 내가 모든 것을 제어하여 작업을 하기 보다는 예상치 않은 이미지들과 제어하기 어려운 움직임들을 만들어낸다.
이런 식의 약간은 복잡하고, 어이없는 과정에 집중하는 것은 예전 작업에서 보여주려 했던 형채(形彩)에 대한 불만에서
시작되었다고 볼 수 있다.
강해지기 위해 더욱 많은 것을 치장하고 위장할 수밖에 없는 현실의 부조리처럼 본인이 생소하다고 느껴지는 이미지로
무장하여 나를 가두는 행위를 반복하였다. 그 틀에서 벗어나고 싶었고 이제는 좀 더 불친절한 구체적이지 않은 형상으로
화면에서나마 자유로워지고 싶었다.
현재 본인이 쓰고 있는 도구들의 공통점은 multiple이다. 이는 도구의 표현 방식과 판화의 에디션 개념에 대한 공통된 의미이다.
또한 재활용의 의미도 담고 있다. 이런 익숙하면서도 익숙하지 않은 도구들은 내게 익숙한 판화라는 방식, 드로잉으로 얼굴이라는
다소 익숙한 이미지로 탄생되어 지지만 그 이미지 조차도 익숙하지 않다. 실험적인 이미지, 방법이라는 의미에서 작품의 부제앞에
두상연구라는 단어를 붙이는 것이다.
수년동안 얼굴을 주제로 그리기도 하고 자르기도 하고 찍기도 하였다. 정지된 장면으로 보여지기 보다는 관객에게 무언가를 흔들고
싶어하는 흐름의 시도였다. 그것은 감정일 것이고 더 나아가 공감일 것이다.
익숙하지 않거나 익숙한 것에서 파생되는 생소함이 본인의 작업을 처음 봤을 때는 의문으로 다가오지만 이내 감정의 변화가 생기는
일종의 ‘감정 전이(轉移)’를 추구한다. 이런 의도를 극대화하기 위해 얼굴(두상)이미지로 표현한다.
얼굴에서 흐르는 에너지는 사방에 존재하는 기운에 영향 받아 시각적 교류를 통해 다시금 관람자에게 전달된다.
고무판(리놀륨판)을 파고 즉흥적으로 판을 자르고 그 위에 잉크를 올리고 찍는 행위는 이전의 판화과정과 흡사하지만 판화에서의
에디션 개념을 버리고 한장만 취하는 형식(monotype)으로 제작한다. 얼굴(두상)이라는 큰 틀에서 다양한 모양과 크기의 판(Layer)에
롤러를 이용해 색을 올리고 찍는다.
기억과 역사는 진실과 거짓으로 뒤섞여 있다. 기억을 상징하는 조각들은 어떻게 배치되느냐에 따라 결과물이 달라진다. 같은 일을
경험하더라도 사람들마다 기억되어지는 것이 다르고 기억하고 싶은 부분이 자신에게 유리하거나 이기적인 근본에서 시작된다는 것을
작품으로 표현하고 있다. 진실한 기억을 상기하고 성찰하는 자세로 살아가고 싶다. 기억을 떠올리기 위해 하나하나 그 기억을 떠올릴
때 그 조각들이 재배치되고 그 기억으로 인해 다른 기억이 떠올려진다.
잘한 일 보다는 잘못하거나 가슴 아픈 기억들이 생각난다.
상기하고 반성하고 앞으로 잘 살아가기 위해 오늘도 노력한다.</p></div><div style=""margin-bottom: 30px;""><h3 style=""font-size: 18px; border-bottom: 1px solid #ddd; padding-bottom: 10px; margin-bottom: 15px;"">작가 소개</h3><p style=""white-space: pre-line;"">대학에서 판화를 전공하였으며 현재 판화공방 <판화방>을 운영 중이다. 현재 한국현대판화가협회, 홍익판화가협회 회원으로 활동하고 있으며, 그린 책으로는 《반쪽이》, 《도깨비 씨름 잔치》, 《홍길동》, 《한비자》, 《+-*/마술쇼》, 《한양에 담긴 조선의 꿈》, 《황금용과 무지개》 등이 있고, 월간지의 각종 삽화도 그렸다.</p></div><div style=""margin-bottom: 30px;""><h3 style=""font-size: 18px; border-bottom: 1px solid #ddd; padding-bottom: 10px; margin-bottom: 15px;"">작가 이력</h3><p style=""white-space: pre-line; font-size: 14px;"">현 판화공방 '판화방' 대표/ 한국현대판화가협회회원 / 홍익판화가협회회원
전 계원예대, 계원예술학교 출강

개인전
2018 세번째 개인전 '옳고 그른'전 (문 프래그먼트 갤러리, 서울)
2006 ‘변신 에피소드’전, 선정 기획(대안공간 루프, 서울)
2004  첫 판화 개인전‘왕의 추억’, 초대 기획(청담 맥갤러리, 서울)
2003  김종환 판화집 발간
전공서 출간 2017 더디퍼런스 - 매일판화 처음이어도 괜찮아
단체기획전
2023 홍익판화가전 (토탈미술관, 서울)
2023 오(五) 와 열(熱) 선물전 (갤러리 내맘대로, 수원)
2022 한국현대판화가협회전 '메타프린트2022' (홍익대학교현대미술관, 서울)
2021 한국현대판화가협회전 '포스트프린트2021' (김희수아트센터아트갤러리, 서울)
2020 원주문화재단10주년 ‘원주미술의 격과 확장성’ 신진작가 5인 초대전(원주치악예술관, 원주)
판화를 이야기하다 (가온갤러리, 인천)
2019 한국현대판화가협회전 (동덕아트갤러리, 서울)
2018 대림창고 14번째 기획전 'Ctrl V' 판화5인전 (대림창고갤러리, 서울) /
한국현대판화가협회전 (동덕아트갤러리, 서울)
한국현대판화60년-판화하다 (경기도미술관, 안산)
2017 한국현대판화가협회전 (홍익대학교 현대미술관, 서울)
DMZ페스티벌 (철원, 인제 일대)
2008 서교난장 (KT&G 상상마당, 서울)
2007 서울 미술대전-판화 (서울시립미술관, 서울)
2006  석사청구 '증후군'전 (홍익대학교 현대미술관, 서울)
현대판화가협회기획  ‘프린트 스펙트럼’전 (갤러리 선, 서울)
AFI 2006 프로그램 '대안적 미술시장을 위한 모색' (대안공간 루프, 서울)
한중판화교류전 (홍익대학교 현대미술관, 서울/ 노신대학교, 중국)
광주 비엔날레 열린 아트마켓 (광주시립민속박물관, 광주)
단원 수상작가 초청전 (안산 단원 미술관)
현대판화가협회기획 ‘현대사회를 찍다’전 (국민대학교 미술관, 서울)
2005  한중판화교류전 (노신대학교, 중국 심양)
찾아가는 미술관 (강원 화천 토마토 축제)
한국 현대판화 스웨덴전 (스웨덴, 인플란 미술관)
10주년 나우리 기획전‘[end]=[and]' (서울 갤러리 올, 강원 원주 문화원)
한일문화교류전 ‘쓰고레미기’ (삼성동 코엑스 태평양홀4관, 서울)
홍익 판화가 협회전 (관훈 갤러리, 서울)
삼청 미술제 (갤러리 도올, 서울)
우수 청년 작가전 (갤러리 가이아, 서울)
인사동 사람들 ‘이상과 현실’전 (하나로 갤러리, 서울)
'Space of Repetition' (갤러리 숲,3인전, 서울)
HOPE 한일 교류전 (일본 한국 대사관 한국 문화원, 서울)
‘닭의 꿈’기획 선정 작가전 (씽크씽크 어린이 미술관, 서울)
2004 ‘No frame'전 (아트 스페이스 휴, 서울)
2003 마사회+농림부 후원 ‘행복한 식탁’전 (인사아트센타, 2인전, 서울)

워크샵
2024 EBS 협찬 행사 - 실크스크린 워크샵 3회 진행

수상
2005 단원 미술대전 판화부문 ‘최우수상’ (안산 단원 미술관)
행주 미술대전 판화부문 ‘우수상’ (고양시 일산 호수공원)
2004 한국 현대판화 공모전 ‘이상욱상’ (한전 프라자, 서울)
작품소장
대림창고갤러리
아트스페이스 휴
안산외국인산업지원센타</p></div></div>","A","","김종환,판화,씨앗페,SAF2026,미술,예술,작품","B","2000000","2000000","2000000","2000000","N","","","1","1","","","","N","N","","","","","","","","","품절","","","","","//ecimg.cafe24img.com/pg1248b38284644098/koreasmartcoop/saf2026/30.jpeg","//ecimg.cafe24img.com/pg1248b38284644098/koreasmartcoop/saf2026/30.jpeg","//ecimg.cafe24img.com/pg1248b38284644098/koreasmartcoop/saf2026/30.jpeg","//ecimg.cafe24img.com/pg1248b38284644098/koreasmartcoop/saf2026/30.jpeg","","","","","","","","","","","","","","","","","","","","","","","","","","","","","","","","","","","","","","","",""
"","SAF2026-31","Y","Y","43","Y","Y","두상연구-거인의 초상 - 김종환","","[31] 김종환","","","판화 | Lithography | 100x70cm","대학에서 판화를 전공하였으며 현재 판화공방 <판화방>을 운영 중이다. 현재 한국현대판화가협회, 홍익판화가협회 회원으로 활동하고 있으며, 그린 책으로는 《반쪽이》, 《도깨비 씨름 잔치》, 《홍길동》, 《한비자》, 《+-*/마술쇼》, 《한양에 담긴 조선의 꿈》, 《황금용과 무지개》 등이 있고, 월간지의 각종 삽화도 그렸다....","<div style=""font-family: 'Noto Sans KR', sans-serif; line-height: 1.8; color: #333;""><div style=""margin-bottom: 30px;""><h2 style=""font-size: 24px; margin-bottom: 10px;"">두상연구-거인의 초상</h2><p style=""font-size: 18px; color: #666; margin-bottom: 5px;"">김종환</p><p style=""color: #888;"">Lithography | 100x70cm | 2018</p></div><div style=""margin-bottom: 30px;""><h3 style=""font-size: 18px; border-bottom: 1px solid #ddd; padding-bottom: 10px; margin-bottom: 15px;"">작품 설명</h3><p style=""white-space: pre-line;"">statement

익숙한, 또는 익숙하지 않은......
형체를 끝까지 남김으로서 그 존재파악에 조금 더 도움을 주고자 친절한 그리기를 행하였다.
익숙한 형체에 대한 불만족은 점점 커갔고 이것이 화면에서 그대로 재현될 때 굉장히 조잡하게 느껴지거나
불편해 보이기까지 했다. 그때는 그러했지만 지금은 그렇지가 않아서일까.......
한번 썼던 물건들을 그냥 쉽게 버린 적이 없다. 고장난 프린터기를 뜯어보니 꽤 괜찮은 부품들이 나왔다.
몇 개의 모터와 톱니들, 쇠막대들, 이상한 부품들, 쓰다 남은 못들, 쓰다 남은 볼펜들, 이제는 옛것이 되어버린
cd들, 아이들의 책상 다리, 등....... 그 안에서 각각의 기능이 있었던 부속들은 다시 재조합되고 전혀 새로운
기능으로 결과물을 생산하거나 그 밑그림이 되어 다시 판화라는 다소 클래식하면서 노동집약적인 이미지들로 재탄생된다.
작품제작에 사용되는 도구들은 새로운 재료로 만들었다기보다는 이미 만들어진 것들의 집합체이다.
도구는 내가 모든 것을 제어하여 작업을 하기 보다는 예상치 않은 이미지들과 제어하기 어려운 움직임들을 만들어낸다.
이런 식의 약간은 복잡하고, 어이없는 과정에 집중하는 것은 예전 작업에서 보여주려 했던 형채(形彩)에 대한 불만에서
시작되었다고 볼 수 있다.
강해지기 위해 더욱 많은 것을 치장하고 위장할 수밖에 없는 현실의 부조리처럼 본인이 생소하다고 느껴지는 이미지로
무장하여 나를 가두는 행위를 반복하였다. 그 틀에서 벗어나고 싶었고 이제는 좀 더 불친절한 구체적이지 않은 형상으로
화면에서나마 자유로워지고 싶었다.
현재 본인이 쓰고 있는 도구들의 공통점은 multiple이다. 이는 도구의 표현 방식과 판화의 에디션 개념에 대한 공통된 의미이다.
또한 재활용의 의미도 담고 있다. 이런 익숙하면서도 익숙하지 않은 도구들은 내게 익숙한 판화라는 방식, 드로잉으로 얼굴이라는
다소 익숙한 이미지로 탄생되어 지지만 그 이미지 조차도 익숙하지 않다. 실험적인 이미지, 방법이라는 의미에서 작품의 부제앞에
두상연구라는 단어를 붙이는 것이다.
수년동안 얼굴을 주제로 그리기도 하고 자르기도 하고 찍기도 하였다. 정지된 장면으로 보여지기 보다는 관객에게 무언가를 흔들고
싶어하는 흐름의 시도였다. 그것은 감정일 것이고 더 나아가 공감일 것이다.
익숙하지 않거나 익숙한 것에서 파생되는 생소함이 본인의 작업을 처음 봤을 때는 의문으로 다가오지만 이내 감정의 변화가 생기는
일종의 ‘감정 전이(轉移)’를 추구한다. 이런 의도를 극대화하기 위해 얼굴(두상)이미지로 표현한다.
얼굴에서 흐르는 에너지는 사방에 존재하는 기운에 영향 받아 시각적 교류를 통해 다시금 관람자에게 전달된다.
고무판(리놀륨판)을 파고 즉흥적으로 판을 자르고 그 위에 잉크를 올리고 찍는 행위는 이전의 판화과정과 흡사하지만 판화에서의
에디션 개념을 버리고 한장만 취하는 형식(monotype)으로 제작한다. 얼굴(두상)이라는 큰 틀에서 다양한 모양과 크기의 판(Layer)에
롤러를 이용해 색을 올리고 찍는다.
기억과 역사는 진실과 거짓으로 뒤섞여 있다. 기억을 상징하는 조각들은 어떻게 배치되느냐에 따라 결과물이 달라진다. 같은 일을
경험하더라도 사람들마다 기억되어지는 것이 다르고 기억하고 싶은 부분이 자신에게 유리하거나 이기적인 근본에서 시작된다는 것을
작품으로 표현하고 있다. 진실한 기억을 상기하고 성찰하는 자세로 살아가고 싶다. 기억을 떠올리기 위해 하나하나 그 기억을 떠올릴
때 그 조각들이 재배치되고 그 기억으로 인해 다른 기억이 떠올려진다.
잘한 일 보다는 잘못하거나 가슴 아픈 기억들이 생각난다.
상기하고 반성하고 앞으로 잘 살아가기 위해 오늘도 노력한다.</p></div><div style=""margin-bottom: 30px;""><h3 style=""font-size: 18px; border-bottom: 1px solid #ddd; padding-bottom: 10px; margin-bottom: 15px;"">작가 소개</h3><p style=""white-space: pre-line;"">대학에서 판화를 전공하였으며 현재 판화공방 <판화방>을 운영 중이다. 현재 한국현대판화가협회, 홍익판화가협회 회원으로 활동하고 있으며, 그린 책으로는 《반쪽이》, 《도깨비 씨름 잔치》, 《홍길동》, 《한비자》, 《+-*/마술쇼》, 《한양에 담긴 조선의 꿈》, 《황금용과 무지개》 등이 있고, 월간지의 각종 삽화도 그렸다.</p></div><div style=""margin-bottom: 30px;""><h3 style=""font-size: 18px; border-bottom: 1px solid #ddd; padding-bottom: 10px; margin-bottom: 15px;"">작가 이력</h3><p style=""white-space: pre-line; font-size: 14px;"">현 판화공방 '판화방' 대표/ 한국현대판화가협회회원 / 홍익판화가협회회원
전 계원예대, 계원예술학교 출강

개인전
2018 세번째 개인전 '옳고 그른'전 (문 프래그먼트 갤러리, 서울)
2006 ‘변신 에피소드’전, 선정 기획(대안공간 루프, 서울)
2004  첫 판화 개인전‘왕의 추억’, 초대 기획(청담 맥갤러리, 서울)
2003  김종환 판화집 발간
전공서 출간 2017 더디퍼런스 - 매일판화 처음이어도 괜찮아
단체기획전
2023 홍익판화가전 (토탈미술관, 서울)
2023 오(五) 와 열(熱) 선물전 (갤러리 내맘대로, 수원)
2022 한국현대판화가협회전 '메타프린트2022' (홍익대학교현대미술관, 서울)
2021 한국현대판화가협회전 '포스트프린트2021' (김희수아트센터아트갤러리, 서울)
2020 원주문화재단10주년 ‘원주미술의 격과 확장성’ 신진작가 5인 초대전(원주치악예술관, 원주)
판화를 이야기하다 (가온갤러리, 인천)
2019 한국현대판화가협회전 (동덕아트갤러리, 서울)
2018 대림창고 14번째 기획전 'Ctrl V' 판화5인전 (대림창고갤러리, 서울) /
한국현대판화가협회전 (동덕아트갤러리, 서울)
한국현대판화60년-판화하다 (경기도미술관, 안산)
2017 한국현대판화가협회전 (홍익대학교 현대미술관, 서울)
DMZ페스티벌 (철원, 인제 일대)
2008 서교난장 (KT&G 상상마당, 서울)
2007 서울 미술대전-판화 (서울시립미술관, 서울)
2006  석사청구 '증후군'전 (홍익대학교 현대미술관, 서울)
현대판화가협회기획  ‘프린트 스펙트럼’전 (갤러리 선, 서울)
AFI 2006 프로그램 '대안적 미술시장을 위한 모색' (대안공간 루프, 서울)
한중판화교류전 (홍익대학교 현대미술관, 서울/ 노신대학교, 중국)
광주 비엔날레 열린 아트마켓 (광주시립민속박물관, 광주)
단원 수상작가 초청전 (안산 단원 미술관)
현대판화가협회기획 ‘현대사회를 찍다’전 (국민대학교 미술관, 서울)
2005  한중판화교류전 (노신대학교, 중국 심양)
찾아가는 미술관 (강원 화천 토마토 축제)
한국 현대판화 스웨덴전 (스웨덴, 인플란 미술관)
10주년 나우리 기획전‘[end]=[and]' (서울 갤러리 올, 강원 원주 문화원)
한일문화교류전 ‘쓰고레미기’ (삼성동 코엑스 태평양홀4관, 서울)
홍익 판화가 협회전 (관훈 갤러리, 서울)
삼청 미술제 (갤러리 도올, 서울)
우수 청년 작가전 (갤러리 가이아, 서울)
인사동 사람들 ‘이상과 현실’전 (하나로 갤러리, 서울)
'Space of Repetition' (갤러리 숲,3인전, 서울)
HOPE 한일 교류전 (일본 한국 대사관 한국 문화원, 서울)
‘닭의 꿈’기획 선정 작가전 (씽크씽크 어린이 미술관, 서울)
2004 ‘No frame'전 (아트 스페이스 휴, 서울)
2003 마사회+농림부 후원 ‘행복한 식탁’전 (인사아트센타, 2인전, 서울)

워크샵
2024 EBS 협찬 행사 - 실크스크린 워크샵 3회 진행

수상
2005 단원 미술대전 판화부문 ‘최우수상’ (안산 단원 미술관)
행주 미술대전 판화부문 ‘우수상’ (고양시 일산 호수공원)
2004 한국 현대판화 공모전 ‘이상욱상’ (한전 프라자, 서울)
작품소장
대림창고갤러리
아트스페이스 휴
안산외국인산업지원센타</p></div></div>","A","","김종환,판화,씨앗페,SAF2026,미술,예술,작품","B","2000000","2000000","2000000","2000000","N","","","1","1","","","","N","N","","","","","","","","","품절","","","","","//ecimg.cafe24img.com/pg1248b38284644098/koreasmartcoop/saf2026/31.jpeg","//ecimg.cafe24img.com/pg1248b38284644098/koreasmartcoop/saf2026/31.jpeg","//ecimg.cafe24img.com/pg1248b38284644098/koreasmartcoop/saf2026/31.jpeg","//ecimg.cafe24img.com/pg1248b38284644098/koreasmartcoop/saf2026/31.jpeg","","","","","","","","","","","","","","","","","","","","","","","","","","","","","","","","","","","","","","","",""
"","SAF2026-32","Y","Y","43","Y","Y","무문관 50장(연작판화) - 이철수","","[32] 이철수","","","판화 | 목판, 한지 | 확인 중","우리 시대의 대표적인 판화가 이철수는 1954년 서울에서 태어났다. 한때는 독서에 심취한 문학 소년이었으며, 군 제대 후 화가의 길을 선택하고 홀로 그림을 공부하였다. 1981년 서울에서 첫 개인전을 연 이후 전국 곳곳에서 여러 차례 개인전을 열었고, 1989년에는 독일과 스위스의 주요 도시에서 개인전을 가졌다. 이후 미국 시애틀을 비롯한 해외 주요 도시에...","<div style=""font-family: 'Noto Sans KR', sans-serif; line-height: 1.8; color: #333;""><div style=""margin-bottom: 30px;""><h2 style=""font-size: 24px; margin-bottom: 10px;"">무문관 50장(연작판화)</h2><p style=""font-size: 18px; color: #666; margin-bottom: 5px;"">이철수</p><p style=""color: #888;"">목판, 한지 | 확인 중 | 2022</p></div><div style=""margin-bottom: 30px;""><h3 style=""font-size: 18px; border-bottom: 1px solid #ddd; padding-bottom: 10px; margin-bottom: 15px;"">작가 소개</h3><p style=""white-space: pre-line;"">우리 시대의 대표적인 판화가 이철수는 1954년 서울에서 태어났다. 한때는 독서에 심취한 문학 소년이었으며, 군 제대 후 화가의 길을 선택하고 홀로 그림을 공부하였다. 1981년 서울에서 첫 개인전을 연 이후 전국 곳곳에서 여러 차례 개인전을 열었고, 1989년에는 독일과 스위스의 주요 도시에서 개인전을 가졌다. 이후 미국 시애틀을 비롯한 해외 주요 도시에서 전시를 열었고, 2011년에는 데뷔 30주년 판화전을 하고, 주요 작품이 수록된 [나무에 새긴 마음]을 펴냈다. 탁월한 민중판화가로 평가받았던 이철수는 이후 사람살이 속에 깃든 선(禪)과 영성에 관심을 쏟아 심오한 영적 세계와 예술혼이 하나로 어우러진 절묘한 작품을 선보이고 있다. 당대의 화두를 손에서 놓지 않는 그는, 평화와 환경 의제에 각별한 관심을 가지고 농사와 판화 작업을 하고 지낸다.</p></div><div style=""margin-bottom: 30px;""><h3 style=""font-size: 18px; border-bottom: 1px solid #ddd; padding-bottom: 10px; margin-bottom: 15px;"">작가 이력</h3><p style=""white-space: pre-line; font-size: 14px;"">《응달에 피는 꽃》 분도출판사(1981)
《한 -신학과 미술의 만남》 서남동. 이철수 공저 분도출판사(1982)
《고호 전기》 웅진출판(1987)
《김홍도 전기》 웅진출판(1987)
《새벽이 온다, 북을 쳐라!》 이론과 실천(1989)
《새도 무게가 있습니다]》 해인사 출판부(1990)
《산 벚나무 꽃 피었는데…》 학고재(1993)
《마른 풀의 노래》 학고재(1995)
《이렇게 좋은 날》 학고재(2000)
《배꽃 하얗게 피던 밤에》 문학동네(1996)
《소리 하나》 문학동네(2001)
《새도 무게가 있습니다》 문학동네(2002)
《자고깨어나면늘아침: 이철수의나뭇잎편지》 삼인(2006)
《당신이 있어 고맙습니다》 삼인(2009)
《오늘도 그립습니다 (이철수의 나뭇잎 편지)》삼인(2010)
《작은 선물》 호미(2004)
《노래》 호미(2005)
《밥 한 그릇의 행복. 물 한 그릇의 기쁨》삼인(2004)
《가만가만 사랑해야지. 이 작은 것들》 삼인(2005)</p></div></div>","A","","이철수,판화,씨앗페,SAF2026,미술,예술,작품","B","50000000","50000000","50000000","50000000","N","","","1","1","","","","N","N","","","","","","","","","품절","","","","","//ecimg.cafe24img.com/pg1248b38284644098/koreasmartcoop/saf2026/32.jpeg","//ecimg.cafe24img.com/pg1248b38284644098/koreasmartcoop/saf2026/32.jpeg","//ecimg.cafe24img.com/pg1248b38284644098/koreasmartcoop/saf2026/32.jpeg","//ecimg.cafe24img.com/pg1248b38284644098/koreasmartcoop/saf2026/32.jpeg","","","","","","","","","","","","","","","","","","","","","","","","","","","","","","","","","","","","","","","",""
"","SAF2026-33","Y","Y","43","Y","Y","Over the Dream-2 - 이수철","","[33] 이수철","","","순수미술 | 확인 중 | 50x50cm","사진가 이수철은 일본 오사카예술대학교에서 사진을 전공하며 '순수' 사진이라는 범주 안에서 자신의 예술적 기반을 닦았습니다. 그가 수학한 '순수' 사진이란 사회적 메시지나 시대 정신을 직접적으로 담아내는 지사적인 행위보다는, 예술 그 자체의 내면적 가치에 집중하는 태도를 내포하고 있습니다. 이수철의 작업은 사진의 존재론적 경계를 확장하는 데 그 특징이 있습니...","<div style=""font-family: 'Noto Sans KR', sans-serif; line-height: 1.8; color: #333;""><div style=""margin-bottom: 30px;""><h2 style=""font-size: 24px; margin-bottom: 10px;"">Over the Dream-2</h2><p style=""font-size: 18px; color: #666; margin-bottom: 5px;"">이수철</p><p style=""color: #888;"">확인 중 | 50x50cm | 2011</p><p style=""color: #888;"">에디션: 에디션 5/5</p></div><div style=""margin-bottom: 30px;""><h3 style=""font-size: 18px; border-bottom: 1px solid #ddd; padding-bottom: 10px; margin-bottom: 15px;"">작가 소개</h3><p style=""white-space: pre-line;"">사진가 이수철은 일본 오사카예술대학교에서 사진을 전공하며 '순수' 사진이라는 범주 안에서 자신의 예술적 기반을 닦았습니다. 그가 수학한 '순수' 사진이란 사회적 메시지나 시대 정신을 직접적으로 담아내는 지사적인 행위보다는, 예술 그 자체의 내면적 가치에 집중하는 태도를 내포하고 있습니다. 이수철의 작업은 사진의 존재론적 경계를 확장하는 데 그 특징이 있습니다. 그는 사진을 단순히 대상을 포착하는 도구로만 보지 않습니다. 만약 사진이 단순히 이미지를 만들어내는 과정이라면, 반드시 카메라로 무언가를 찍어야 한다는 전통적인 전제는 허물어질 수 있다고 봅니다. 실제로 그는 카메라와 필름 없이 인화 과정만으로 결과물을 만들어내는 방식 등 사진의 다양한 프로세스를 수용합니다. 결과적으로 그에게 중요한 것은 최종적인 결과물이 '포토그래피'인지, 혹은 '이미지그래프'나 '디지그래프'인지와 같은 장르적 명칭이 아닙니다. 그에게 카메라란 단지 현상을 포착하기 위한 하나의 메커니즘일 뿐이며, 작가만의 방식으로 이미지를 창조하고 이를 통해 메시지를 전달할 수 있다면 그것으로 충분한 예술적 가치를 지닌다고 믿습니다.</p></div><div style=""margin-bottom: 30px;""><h3 style=""font-size: 18px; border-bottom: 1px solid #ddd; padding-bottom: 10px; margin-bottom: 15px;"">작가 이력</h3><p style=""white-space: pre-line; font-size: 14px;"">오사카예술대학교(OSAKA UNIVERSITY OF ART) 사진학과 졸업
상명대학교 예술·디자인대학원(사진학과-순수/이미지사이언스 전공)졸업
07-12년 대구예술대학교 사진학과 강사
08-09년 국민대학교 조형대학 강사
13-17년 상명대 사진영상학과 강사
10-현재 충남대학교 디자인창의학과 강사

개인전
23년 記憶의 여정 – 여미갤러리외 19회

단체전
22년 붉은 언덕_Crimson Hill전 – 연희동미술관외 40여회</p></div></div>","A","","이수철,순수미술,씨앗페,SAF2026,미술,예술,작품","B","1000000","1000000","1000000","1000000","N","","","1","1","","","","N","N","","","","","","","","","품절","","","","","//ecimg.cafe24img.com/pg1248b38284644098/koreasmartcoop/saf2026/33.jpg","//ecimg.cafe24img.com/pg1248b38284644098/koreasmartcoop/saf2026/33.jpg","//ecimg.cafe24img.com/pg1248b38284644098/koreasmartcoop/saf2026/33.jpg","//ecimg.cafe24img.com/pg1248b38284644098/koreasmartcoop/saf2026/33.jpg","","","","","","","","","","","","","","","","","","","","","","","","","","","","","","","","","","","","","","","",""